Entr,Row,Col,05-Aug,04-Sep,Cruza,Historial,Peso,Humedad,Percent1,Percent2,KgHa,t
1,1,1,,,CANINDE 1/Prointa Granar,CP08001-12E-0E-2E-1E-1E,1103,187,112,103,3597,x
2,1,2,,,CANINDE 1/Prointa Granar,CP08001-12E-0E-4E-2E-1E,1079,182,109,101,3519,x
3,1,3,,,CANINDE 1/Prointa Granar,CP08001-12E-0E-4E-2E-3E,912,178,92,85,2974,
4,1,4,,,CANINDE 1/CATBIRD DIF 1073,CP08002-3E-0E-1E-1E-1E,1073,183,109,100,3499,
5,1,5,,,CANINDE 1/CATBIRD DIF 1073,CP08002-3E-0E-6E-2E-2E,1054,180,107,99,3437,
6,1,6,,,CANINDE 1//MILAN/AMSEL,CP08006-4E-0E-6E-1E-3E,1125,183,114,105,3669,x
7,1,7,,,CANINDE 1//MILAN/AMSEL,CP08006-4E-0E-8E-2E-1E,912,250,92,85,2972,
8,1,8,,,CANINDE 1//MILAN/AMSEL,CP08006-4E-0E-8E-2E-2E,906,230,92,85,2953,
9,1,9,,,CANINDE 1//MILAN/AMSEL,CP08006-5E-0E-3E-2E-1E,947,196,96,89,3088,
10,1,10,,,ITAPUA 75,,989,211,100,,3224,
11,1,11,,,CANINDE 1//MILAN/AMSEL,CP08006-5E-0E-3E-2E-2E,840,192,85,83,2739,
12,1,12,,,CANINDE 1/PARAGUA CIAT,CP08008-4E-0E-1E-1E-2E,847,198,86,84,2762,
13,1,13,,,CANINDE 1/PARAGUA CIAT,CP08008-4E-0E-1E-1E-4E,993,199,100,98,3238,
14,1,14,,s,CORD 3//RL 6040=Thatcher *7/Translocation 4=Lr19,CP08053-5E-0E-6E-2E-1E,870,168,88,86,2838,
15,1,15,,,CORD 3//RL 6040=Thatcher *7/Translocation 4=Lr19,CP08053-5E-0E-6E-2E-2E,865,177,87,86,2821,
16,1,16,,,CORD 3//RL 6040=Thatcher *7/Translocation 4=Lr19,CP08053-5E-0E-6E-2E-3E,848,204,82,84,2765,
17,1,17,,,CANINDE 3/Prointa Granar,CP08058-11E-0E-3E-1E-2E,1069,159,104,106,3487,
18,1,18,,s,CANINDE/4/WBLL4//BABAX.1B.1B*2/PRL/3/PASTOR,CP08115-1E-0E-1E-1E-1E,1133,165,110,112,3696,x
19,1,19,,1,CANINDE/4/WBLL4//BABAX.1B.1B*2/PRL/3/PASTOR,CP08115-1E-0E-1E-1E-3E,1137,180,110,112,3708,x
20,1,20,,,ITAPUA 85,,1033,179,100,,3369,
21,1,21,,1,CANINDE//MILAN/AMSEL,CP08121-9E-0E-4E-1E-4E,1135,168,110,99,3702,x
22,1,22,,s,CANINDE//MILAN/AMSEL,CP08121-9E-0E-4E-1E-5E,1031,174,100,90,3362,
23,1,23,,,WBLL2//MILAN/AMSEL,CP08130-7E-0E-2E-2E-4E,1004,168,97,88,3275,
24,1,24,,,WBLL2//MILAN/AMSEL,CP08130-7E-0E-5E-1E-2E,942,162,91,83,3073,
25,1,25,,,WBLL2//MILAN/AMSEL,CP08130-7E-0E-5E-1E-3E,1016,192,98,89,3313,
26,1,26,,,WBLL2//MILAN/AMSEL,CP08130-7E-0E-5E-1E-4E,1017,184,81,89,3316,
27,1,27,fhb,,BIOINTA1001/BR 18,CP08201-6E-0E-2E-1E-1E,1121,171,90,98,3656,
28,1,28,fhb,s,CD 104/4/BABAX/LR42//BABAX/3/BABAX/LR42,CP08226-1E-0E-4E-1E-1E,1195,168,96,105,3898,x
29,1,29,,s,CD 104/4/BABAX/LR42//BABAX/3/BABAX/LR42,CP08226-1E-0E-4E-1E-2E,1226,154,98,107,3999,x
30,1,30,,,CANINDE 21,,1249,172,100,,4074,
31,1,31,,,CD 104/4/BABAX/LR42//BABAX/3/BABAX/LR42,CP08226-1E-0E-4E-1E-4E,1155,156,92,104,3768,x
32,1,32,,,CD 104/4/BABAX/LR42//BABAX/3/BABAX/LR42,CP08226-1E-0E-4E-1E-5E,1179,158,94,106,3846,x
33,1,33,,,ONIX//MILAN/AMSEL,CP08261-21E-0E-3E-1E-3E,1113,161,89,100,3630,x
34,1,34,,,F3 DESC CRIA 2010,X 2010-12-0E-1E-1E-4E,1266,158,101,114,4130,x
35,1,35,,,F3 DESC CRIA 2010,X 2010-12-0E-1E-1E-5E,1161,160,93,104,3787,x
36,1,36,,s,F3 DESC CRIA 2010,X 2010-16-0E-4E-1E-4E,1048,164,107,94,3418,
37,1,37,,,F3 DESC CRIA 2011,X 2010-16-0E-4E-1E-4E,936,168,96,84,3053,
38,1,38,,,PF 953048/IAPAR 18/4/BABAX/LR42//BABAX/3/BABAX/LR42//BABAX,CP08184-2E-2E-10E-2E,1154,159,118,104,3764,x
39,1,39,,,PF 953048/IAPAR 18/4/BABAX/LR42//BABAX/3/BABAX/LR42//BABAX,CP08184-2E-2E-10E-3E,1148,161,117,103,3745,x
40,1,40,,,CD 150,,977,153,100,,3187,
41,1,41,,s,PANDORA-INIA/ITAPUA 75//ITAPUA 70,CP08496-1E-1E-2E-2E,1112,154,114,109,3628,x
42,1,42,,,PANDORA-INIA/ITAPUA 75//ITAPUA 70,CP08496-1E-1E-2E-3E,965,170,99,94,3147,
43,1,43,limpiar,s,PANDORA-INIA/ITAPUA 75//ITAPUA 70,CP08496-1E-2E-2E-1E,1055,166,108,103,3441,
44,1,44,,,WBLL2/4/BABAX/LR42//BABAX/3/BABAX/LR42,CP08124-7E-0E-2E-3E-1E,1062,146,109,104,3465,
45,1,45,,s,WBLL2/4/BABAX/LR42//BABAX/3/BABAX/LR42,CP08124-7E-0E-5E-5E-5E,1212,174,124,118,3953,x
46,1,46,,,WBLL2/4/BABAX/LR42//BABAX/3/BABAX/LR42,CP08124-7E-0E-7E-7E-3E,1008,162,94,99,3288,
47,1,47,,,WBLL2//MILAN/AMSEL,CP08130-7E-0E-2E-10E-1E,957,164,90,94,3122,
48,1,48,,,WBLL2//MILAN/AMSEL,CP08130-7E-0E-3E-4E-3E,677,153,63,66,2208,
49,1,49,,,WBLL2//MILAN/AMSEL,CP08130-7E-0E-3E-4E-4E,922,154,86,90,3008,
50,2,49,,,DON ALBERTO,,1069,157,100,,3487,
51,2,48,,1,WBLL2//MILAN/AMSEL,CP08130-7E-0E-3E-4E-8E,996,174,93,88,3248,x
52,2,47,cln,1,WBLL2//MILAN/AMSEL,CP08130-7E-0E-4E-1E-2E,1046,176,98,93,3411,
53,2,46,,1,WBLL2//MILAN/AMSEL,CP08130-7E-0E-4E-4E-1E,1043,168,98,93,3402,x
54,2,45,,1,WBLL2//MILAN/AMSEL,CP08130-7E-0E-4E-4E-3E,1112,174,104,99,3627,x
55,2,44,,1,WBLL2//MILAN/AMSEL,CP08130-7E-0E-5E-9E-2E,991,166,93,88,3232,x
56,2,43,,1,WBLL2//MILAN/AMSEL,CP08130-7E-0E-5E-9E-5E,1138,147,96,101,3713,x
57,2,42,,1,WBLL2//MILAN/AMSEL,CP08130-7E-0E-5E-9E-7E,1052,149,89,93,3432,x
58,2,41,,,WBLL2//MILAN/AMSEL,CP08130-7E-0E-5E-9E-11E,1121,149,95,100,3657,x
59,2,40,,,ONIX//MILAN/AMSEL,CP08261-18E-0E-1E-3E-2E,1006,151,85,89,3282,
60,2,39,,,ITAPUA 75,,1183,151,100,,3859,
61,2,38,,,ONIX//MILAN/AMSEL,CP08261-18E-0E-4E-6E-2E,1062,158,90,88,3464,
62,2,37,,,ONIX//MILAN/AMSEL,CP08261-18E-0E-4E-6E-3E,969,142,82,80,3161,
63,2,36,,,ONIX//MILAN/AMSEL,CP08261-18E-0E-4E-6E-4E,1011,170,85,84,3297,
64,2,35,,,ONIX//MILAN/AMSEL,CP08261-18E-0E-7E-3E-1E,1014,160,86,84,3308,
65,2,34,,,ONIX//MILAN/AMSEL,CP08261-18E-0E-7E-3E-3E,1040,161,88,86,3392,
66,2,33,,,ONIX//MILAN/AMSEL,CP08261-18E-0E-7E-3E-4E,1022,147,83,85,3334,
67,2,32,,,E-04256/CD108//MILAN/MUNIA,CP08422-1E-0E-1E-2E-5E,977,158,79,81,3187,
68,2,31,,,E-04256/CD108//MILAN/MUNIA,CP08422-1E-0E-1E-4E-1E,1041,160,84,86,3396,
69,2,30,,,E-04256/CD108//MILAN/MUNIA,CP08422-1E-0E-1E-10E-1E,985,170,80,82,3213,
70,2,29,,,ITAPUA 85,,1232,148,100,,4019,
71,2,28,,,E-04256/CD108//MILAN/MUNIA,CP08422-1E-0E-2E-1E-2E,1078,159,87,96,3516,x
72,2,27,,,E-04256/CD108//MILAN/MUNIA,CP08422-1E-0E-2E-1E-4E,1097,158,89,97,3578,x
73,2,26,,,E-04256/CD108//MILAN/MUNIA,CP08422-1E-0E-2E-1E-5E,1125,158,91,100,3670,x
74,2,25,,,E-04256/CD108//MILAN/MUNIA,CP08422-1E-0E-2E-3E-2E,1068,165,87,95,3484,
75,2,24,,,E-04256/CD108//MILAN/MUNIA,CP08422-1E-0E-3E-1E-2E,1089,166,88,96,3552,
76,2,23,,,E-04256/CD108//MILAN/MUNIA,CP08422-1E-0E-3E-9E-2E,1032,181,101,91,3365,
77,2,22,,,E-04256/CD108//MILAN/MUNIA,CP08422-1E-0E-3E-10E-1E,1055,156,103,93,3441,
78,2,21,,1,E-04256/CD108//MILAN/MUNIA,CP08422-1E-0E-5E-1E-2E,1233,161,120,109,4022,x
79,2,20,,1,E-04256/CD108//MILAN/MUNIA,CP08422-1E-0E-5E-7E-2E,1190,177,116,105,3881,x
80,2,19,,,CANINDE 21,,1025,172,100,,3343,
81,2,18,,1,E-04256/CD108//MILAN/MUNIA,CP08422-1E-0E-5E-7E-3E,1063,184,104,104,3466,
82,2,17,,,PARULA/CD 104,CP7021-1E-1E-0E-1E-8E-3E,959,165,94,94,3128,
83,2,16,,1,PARULA/CD 104,CP7021-1E-1E-0E-1E-8E-4E,1066,158,104,104,3477,
84,2,15,,1,PARULA/CD 104,CP7021-1E-1E-0E-1E-8E-5E,1042,176,102,102,3398,
85,2,14,,1,PARULA/CD 104,CP7021-1E-1E-0E-1E-12E-3E,1153,161,113,113,3761,x
86,2,13,,s,PARULA/CD 104,CP7021-1E-1E-0E-1E-12E-4E,1085,151,107,106,3540,x
87,2,12,,,PARULA/CD 104,CP7021-1E-1E-0E-2E-9E-6E,1112,177,109,109,3627,x
88,2,11,,,PARULA/CD 104,CP7021-1E-1E-0E-2E-11E-1E,878,154,86,86,2864,
89,2,10,,,PARULA/CD 104,CP7021-1E-1E-0E-3E-7E-1E,1113,178,109,109,3630,x
90,2,9,,,CD 150,,1018,187,100,,3320,
91,2,8,,1,PARULA/CD 104,CP7021-1E-1E-0E-3E-9E-4E,1180,172,116,109,3849,x
92,2,7,,1,PARULA/CD 104,CP7021-1E-1E-0E-3E-9E-8E,1208,194,119,111,3939,x
93,2,6,,1,PARULA/CD 104,CP7021-1E-1E-0E-4E-2E-6E,1122,212,110,103,3658,x
94,2,5,,,PARULA/CD 104,CP7021-1E-1E-0E-6E-1E-3E,1050,179,103,97,3424,
95,2,4,,1,PARULA/CD 104,CP7021-1E-1E-0E-6E-1E-4E,1081,217,106,100,3524,x
96,2,3,,,Itapua 40/IAN 10,CP6333-1E-0E-6E-0E-1E-5E-4E,1112,182,97,103,3626,x
97,2,2,,,Itapua 40/IAN 10,CP6333-1E-0E-6E-0E-1E-5E-5E,974,158,85,90,3177,
98,2,1,,,Itapua 40/IAN 10,CP6333-5E-0E-2E-0E-1E-2E-1E,896,164,78,83,2923,
99,3,1,,,Itapua 40/IAN 10,CP6333-5E-0E-2E-0E-2E-2E-2E,1121,192,97,103,3655,x
100,3,2,,,DON ALBERTO,,1150,195,100,,3750,
101,3,3,,1,Itapua 40/IAN 10,CP6333-5E-0E-2E-0E-2E-2E-3E,1364,204,119,113,4447,x
102,3,4,,1,Itapua 40/IAN 10,CP6333-5E-0E-2E-0E-2E-3E-5E,1357,173,118,112,4426,x
103,3,5,,1,Itapua 40/IAN 10,CP6333-5E-0E-2E-0E-2E-3E-6E,1500,193,130,124,4891,x
104,3,6,,1,Itapua 40/IAN 10,CP6333-5E-0E-2E-0E-2E-3E-7E,1443,203,125,119,4705,x
105,3,7,,,Itapua 40/IAN 10,CP6333-5E-0E-2E-0E-2E-3E-8E,1311,212,114,108,4274,x
106,3,8,,1,Itapua 40/IAN 10,CP6333-5E-0E-2E-0E-2E-4E-1E,1349,197,106,111,4398,x
107,3,9,,1,Itapua 40/IAN 10,CP6333-5E-0E-2E-0E-2E-4E-3E,1364,192,107,113,4448,x
108,3,10,,1,Itapua 40/IAN 10,CP6333-5E-0E-2E-0E-2E-4E-4E,1272,187,100,105,4148,x
109,3,11,,,Itapua 40/IAN 10,CP6333-5E-0E-2E-0E-2E-8E-1E,1291,188,102,107,4210,x
110,3,12,,,ITAPUA 75,,1270,193,100,,4141,
111,3,13,,s,Itapua 40/IAN 10,CP6333-5E-0E-2E-0E-2E-8E-2E,1305,192,103,106,4255,x
112,3,14,,s,Itapua 40/IAN 10,CP6333-5E-0E-2E-0E-2E-12E-1E,1252,177,99,102,4083,x
113,3,15,,s,Itapua 40/IAN 10,CP6333-5E-0E-2E-0E-2E-12E-3E,1317,180,104,107,4295,x
114,3,16,,,Itapua 40/IAN 10,CP6333-5E-0E-2E-0E-2E-12E-4E,978,162,77,80,3190,
115,3,17,,s,Itapua 40/IAN 10,CP6333-5E-0E-2E-0E-2E-12E-5E,1208,193,95,98,3939,x
116,3,18,,,Itapua 40/IAN 10,CP6333-5E-0E-2E-0E-3E-9E-3E,999,171,84,81,3258,
117,3,19,,,Itapua 40/IAN 10,CP6333-5E-0E-3E-0E-5E-4E-4E,1182,170,100,96,3855,x
118,3,20,,1,Itapua 40/3/ITP35/PF84432//CORD4,CP6334-2E-0E-5E-0E-2E-1E-1E,1282,176,108,104,4181,x
119,3,21,,1,Itapua 40/3/ITP35/PF84432//CORD4,CP6334-2E-0E-5E-0E-6E-1E-2E,1205,166,102,98,3930,x
120,3,22,,,ITAPUA 85,,1187,171,100,,3871,
121,3,23,,s,Itapua 40/3/ITP35/PF84432//CORD4,CP6334-2E-0E-6E-0E-2E-11E-8E,1219,148,103,103,3977,x
122,3,24,,s,Itapua 40/3/ITP35/PF84432//CORD4,CP6334-2E-0E-6E-0E-2E-13E-1E,1102,168,93,93,3594,x
123,3,25,,1,Itapua 40/3/ITP35/PF84432//CORD4,CP6334-2E-0E-6E-0E-2E-13E-3E,1259,154,106,106,4107,x
124,3,26,,,Itapua 40/3/ITP35/PF84432//CORD4,CP6334-2E-0E-6E-0E-3E-8E-3E,1047,149,88,88,3416,
125,3,27,,1,Itapua 40/3/ITP35/PF84432//CORD4,CP6334-2E-0E-6E-0E-3E-11E-1E,1244,188,105,105,4057,x
126,3,28,,,Itapua 40/3/ITP35/PF84432//CORD4,CP6334-2E-0E-6E-0E-6E-2E-2E,1132,176,96,96,3692,x
127,3,29,,,ITAPUA 40/PEWIT1,CP08001-1E-100E-10E-4E,1216,149,103,103,3967,x
128,3,30,,,ITAPUA 40/5/BABAX/LR42//BABAX*2/4/SIN/TRAP1/3KAUZ*2/TRAP/KAUZ,CP08014-1E-100E-4E-2E,1209,176,102,102,3943,x
129,3,31,,,ITAPUA 40/5/BABAX/LR42//BABAX*2/4/SIN/TRAP1/3KAUZ*2/TRAP/KAUZ,CP08014-1E-100E-4E-4E,1230,157,104,104,4012,x
130,3,32,,s,CANINDE 21,,1181,166,100,,3852,
131,3,33,,,ITAPUA 40/5/BABAX/LR42//BABAX*2/4/SIN/TRAP1/3KAUZ*2/TRAP/KAUZ,CP08014-1E-100E-5E-2E,1246,152,106,111,4065,x
132,3,34,,,ITAPUA 75/5/BABAX/LR42//BABAX*2/4/SIN/TRAP1/3KAUZ*2/TRAP/KAUZ,CP08093-1E-100E-2E-4E,1232,161,104,110,4019,x
133,3,35,,,ITAPUA 75/5/BABAX/LR42//BABAX*2/4/SIN/TRAP1/3KAUZ*2/TRAP/KAUZ,CP08093-1E-100E-2E-7E,1130,146,96,101,3687,x
134,3,36,,,ITAPUA 70//ND643/2*WBILL1,CP08108-1E-100E-2E-1E,1123,153,95,100,3663,x
135,3,37,,,ITAPUA 70//ND643/2*WBILL1,CP08108-1E-100E-2E-2E,1251,151,106,112,4081,x
136,3,38,,,CD 108/4/BABAX/LR42//BABAX*2/3/TUKURU,CP08156-1E-100E-6E-4E,1231,161,116,110,4015,x
137,3,39,,,CD 112/4/BABAX/LR42//BABAX*2/3/TUKURU,CP08168-1E-100E-2E-2E,1179,139,112,105,3847,x
138,3,40,,,CD 112/4/BABAX/LR42//BABAX*2/3/TUKURU,CP08168-1E-100E-2E-3E,1131,138,107,101,3690,x
139,3,41,,,CD 112/4/BABAX/LR42//BABAX*2/3/TUKURU,CP08168-1E-100E-2E-8E,1224,139,116,109,3994,x
140,3,42,,,CD 150,,1057,179,100,,3447,
141,3,43,,,CD 112/4/BABAX/LR42//BABAX*2/3/TUKURU,CP08168-1E-100E-2E-11E,1091,165,103,101,3559,x
142,3,44,,,ND643/2*WBILL1//CD 114,CP08281-1E-100E-7E-5E,1115,180,105,104,3636,x
143,3,45,,2,BRBT1*2/KIRITATI//PF 953048/IAPAR 18,CP08444-1E-100E-5E-3E,1045,160,99,97,3409,
144,3,46,,s,BRBT1*2/KIRITATI//PF 953048/IAPAR 18,CP08444-1E-100E-6E-2E,957,166,91,89,3121,
145,3,47,,s,BRBT1*2/KIRITATI//PF 953048/IAPAR 18,CP08444-1E-100E-6E-3E,907,168,86,84,2958,
146,3,48,,s,BRBT1*2/KIRITATI/3/SRMA/TUI//BABAX,CP08445-1E-100E-2E-1E,889,171,81,83,2899,
147,3,49,,s,BRBT1*2/KIRITATI/3/SRMA/TUI//BABAX,CP08445-1E-100E-4E-3E,925,167,84,86,3017,
148,4,49,,s,BRBT1*2/KIRITATI/3/SRMA/TUI//BABAX,CP08445-1E-100E-4E-4E,968,157,88,90,3158,
149,4,48,,,BRBT1*2/KIRITATI//BRS 208,CP08447-1E-100E-5E-2E,936,172,85,87,3053,
150,4,47,,,DON ALBERTO,,1095,144,100,,3572,
151,4,46,,,BRBT1*2/KIRITATI//BRS 208,CP08447-1E-100E-8E-1E,912,160,83,79,2975,
152,4,45,,,CANINDE//NG8675/CBRD/3/CANINDE 1,CP08462-4E-100E-4E-4E,1052,161,96,92,3431,
153,4,44,,,CANINDE//NG8675/CBRD/3/CANINDE 1,CP08462-4E-100E-4E-5E,1142,167,104,99,3725,
154,4,43,,,TNMU/6/CEP80111/CEP81165/5/MRNG/4/YKT406/3/AG/ASN//ATR/7/BABAX/LR42//BABAX/3/BABAX/LR42/8/CD114,CP08480-2E-100E-7E-3E,1135,160,104,99,3702,
155,4,42,,s,TNMU/6/CEP80111/CEP81165/5/MRNG/4/YKT406/3/AG/ASN//ATR/7/BABAX/LR42//BABAX/3/BABAX/LR42/8/CD114,CP08480-2E-100E-7E-6E,1031,172,94,90,3363,
156,4,41,,s,TNMU/6/CEP80111/CEP81165/5/MRNG/4/YKT406/3/AG/ASN//ATR/7/BABAX/LR42//BABAX/3/BABAX/LR42/8/CD114,CP08480-2E-100E-7E-7E,1069,162,89,93,3487,
157,4,40,,,TNMU/6/CEP80111/CEP81165/5/MRNG/4/YKT406/3/AG/ASN//ATR/7/BABAX/LR42//BABAX/3/BABAX/LR42/8/CD114,CP08480-2E-100E-7E-8E,1092,162,91,95,3562,x
158,4,39,,,Itapúa 45/Itapúa 40//CD 150,CP09216-5E-2E-1E,978,171,81,85,3190,
159,4,38,,,Itapúa 45/Itapúa 40//CD 150,CP09216-5E-2E-4E,987,166,82,86,3219,
160,4,37,,,ITAPUA 75,,1203,178,100,,3923,
161,4,36,,,Itapúa 45/Itapúa 40//CD 150,CP09216-5E-8E-6E,1099,156,91,93,3585,
162,4,35,,2,CENTINELA/CD 104,CP09252-12E-2E-4E,1223,163,102,104,3989,x
163,4,34,,s,CRONOX/Itapúa 70,CP09255-5E-2E-1E,1228,182,102,104,4005,x
164,4,33,,s,CRONOX/Itapúa 70,CP09255-5E-2E-3E,1122,207,93,95,3658,x
165,4,32,,s,CRONOX/Itapúa 70,CP09255-8E-3E-1E,1168,167,97,99,3810,x
166,4,31,,,INIA DON ALBERTO/Itapúa 70,CP09287-4E-8E-3E,1221,163,106,103,3983,x
167,4,30,,,INIA DON ALBERTO/Itapúa 70,CP09287-7E-2E-8E,1090,174,94,92,3555,
168,4,29,,,INIA DON ALBERTO/Itapúa 70,CP09287-7E-3E-2E,1138,151,98,96,3712,x
169,4,28,,s,INIA DON ALBERTO/Itapúa 70,CP09287-7E-7E-9E,1134,165,98,96,3699,x
170,4,27,,,ITAPUA 85,,1157,154,100,,3774,
171,4,26,,,INIA DON ALBERTO/Itapúa 70,CP09287-7E-7E-11E,1064,149,92,94,3471,
172,4,25,,,INIA DON ALBERTO/Itapúa 70,CP09287-7E-7E-15E,1051,156,91,93,3428,
173,4,24,,,INIA DON ALBERTO/Itapúa 70,CP09287-9E-3E-4E,1089,159,94,96,3552,
174,4,23,,s,INIA DON ALBERTO/Itapúa 70,CP09287-9E-3E-7E,1063,149,92,94,3468,
175,4,22,,,INIA DON ALBERTO/Itapúa 70,CP09287-9E-3E-8E,950,158,82,84,3099,
176,4,21,,,INIA DON ALBERTO/Itapúa 70,CP09287-9E-3E-9E,941,162,85,83,3069,
177,4,20,,,NOGAL/BRS 229,CP09381-2E-4E-2E,1013,189,91,89,3303,
178,4,19,,s,NOGAL/BRS 229,CP09381-2E-4E-4E,1064,171,96,94,3470,
179,4,18,1,s,NOGAL/BRS 229,CP09381-4E-1E-2E,1115,168,100,98,3637,
180,4,17,,,CANINDE 21,,1111,158,100,,3624,
181,4,16,,1,NOGAL/BRS 229,CP09381-4E-3E-1E,1169,169,105,96,3813,x
182,4,15,,1,NOGAL/BRS 229,CP09381-4E-7E-2E,1332,185,120,109,4344,x
183,4,14,,1,NOGAL/BRS 229,CP09381-4E-7E-3E,1185,155,107,97,3866,x
184,4,13,,1,NOGAL/BRS 229,CP09381-4E-7E-8E,1240,181,112,101,4044,x
185,4,12,,,MILAN/MUNIA/3/PASTOR//MUNIA/ALTAR 84/4/MILAN/DUCULA/5/PEWIT 1,CP09417-1E-1E-9E,1070,169,96,88,3490,
186,4,11,,s,S09/ALSEN,CP09452-11E-3E-1E,1168,182,88,96,3809,x
187,4,10,,s,S09/ALSEN,CP09452-11E-3E-2E,1051,167,79,86,3428,
188,4,9,,,S09/ALSEN,CP09452-11E-3E-7E,1177,171,88,96,3839,x
189,4,8,,,S09/ALSEN,CP09452-14E-2E-10E,779,203,58,64,2540,
190,4,7,,,CD 150,,1331,18,100,,4349,2936-4349
191,4,6,,,CATBIRD/BABAX 42,CP09022-5E-4E-2E,1099,174,82,96,3584,x
192,4,5,,,CATBIRD/BABAX 42,CP09022-5E-4E-3E,1112,169,83,97,3627,x
193,4,4,,,CATBIRD/BABAX 42,CP09022-5E-4E-4E,1165,175,87,102,3799,x
194,4,3,,1,CATBIRD/BABAX 42,CP09022-5E-4E-6E,1165,167,87,102,3800,x
195,4,2,,,CATBIRD/BABAX 42,CP09022-5E-8E-1E,885,163,66,77,2887,
196,4,1,,,CATBIRD/BABAX 42,CP09022-5E-8E-6E,1080,154,113,94,3523,
197,5,1,,,CATBIRD/BABAX 42,CP09022-5E-8E-7E,1039,169,109,91,3389,
198,5,2,,,CATBIRD/BABAX 42,CP09022-5E-8E-9E,1046,175,110,91,3411,
199,5,3,,,Itapúa 75/6/SKAUZ/PARUS//PARUS/5/CNDO/R143//ENTE/MEXI75/3/AE.SQ/4/2*OCI,CP09037-2E-2E-8E,979,180,103,86,3193,
200,5,4,,,DON ALBERTO,,954,173,100,,3111,
201,5,5,,,Itapúa 75/6/SKAUZ/PARUS//PARUS/5/CNDO/R143//ENTE/MEXI75/3/AE.SQ/4/2*OCI,CP09037-2E-5E-7E,954,161,100,95,3112,
202,5,6,,,Itapúa 75/6/SKAUZ/PARUS//PARUS/5/CNDO/R143//ENTE/MEXI75/3/AE.SQ/4/2*OCI,CP09037-2E-7E-1E,988,185,104,98,3222,
203,5,7,,,Itapúa 75/6/SKAUZ/PARUS//PARUS/5/CNDO/R143//ENTE/MEXI75/3/AE.SQ/4/2*OCI,CP09037-2E-7E-4E,1031,170,108,103,3363,
204,5,8,,s,Itapúa 75/6/SKAUZ/PARUS//PARUS/5/CNDO/R143//ENTE/MEXI75/3/AE.SQ/4/2*OCI,CP09037-2E-7E-5E,1089,181,114,108,3551,x
205,5,9,,,Itapúa 75/6/SKAUZ/PARUS//PARUS/5/CNDO/R143//ENTE/MEXI75/3/AE.SQ/4/2*OCI,CP09037-2E-8E-2E,1052,197,110,105,3430,
206,5,10,,,Itapúa 75/6/SKAUZ/PARUS//PARUS/5/CNDO/R143//ENTE/MEXI75/3/AE.SQ/4/2*OCI,CP09037-2E-8E-5E,1068,177,101,106,3483,
207,5,11,,,Itapúa 75/6/SKAUZ/PARUS//PARUS/5/CNDO/R143//ENTE/MEXI75/3/AE.SQ/4/2*OCI,CP09037-3E-1E-5E,935,180,88,93,3049,
208,5,12,,,Itapúa 75/6/SKAUZ/PARUS//PARUS/5/CNDO/R143//ENTE/MEXI75/3/AE.SQ/4/2*OCI,CP09037-3E-1E-8E,1024,174,97,102,3340,
209,5,13,,s,CANINDE 1/4/TRAP#1/BOW//PFAU/3/MILAN,CP09110-6E-3E-7E,1237,180,117,123,4034,x
210,5,14,,,ITAPUA 75,,1057,182,100,,3447,
211,5,15,,,CANINDE 1/4/TRAP#1/BOW//PFAU/3/MILAN,CP09110-6E-5E-7E,1185,164,112,103,3865,x
212,5,16,,s,CANINDE 1/CD 150,CP09113-4E-3E-1E,1112,178,105,96,3626,
213,5,17,,s,CANINDE 1/CD 150,CP09113-4E-3E-5E,1134,171,107,98,3699,
214,5,18,,,CANINDE 1/CD 150,CP09113-4E-3E-6E,1152,154,109,100,3758,x
215,5,19,,s,CANINDE 1/CD 116,CP09131-3E-4E-1E,1227,169,116,106,4002,x
216,5,20,,s,CANINDE 1/CD 116,CP09131-3E-4E-2E,1073,164,86,93,3500,x
217,5,21,,s,TOLLOCAN F05/4/TRAP#1/BOW//PFAU/3/MILAN,CP09195-1E-2E-4E,1119,161,89,97,3650,
218,5,22,,,TOLLOCAN F05/4/TRAP#1/BOW//PFAU/3/MILAN,CP09195-1E-2E-5E,1028,149,82,89,3354,
219,5,23,,,TOLLOCAN F05/4/TRAP#1/BOW//PFAU/3/MILAN,CP09195-1E-4E-2E,1018,159,81,88,3321,
220,5,24,,,ITAPUA 85,,1253,152,100,,4088,
221,5,25,,,TOLLOCAN F05/4/TRAP#1/BOW//PFAU/3/MILAN,CP09195-1E-6E-3E,999,148,80,80,3259,
222,5,26,,,TOLLOCAN F05/4/TRAP#1/BOW//PFAU/3/MILAN,CP09195-1E-6E-5E,1079,162,86,86,3520,x
223,5,27,,s,TOLLOCAN F05/4/TRAP#1/BOW//PFAU/3/MILAN,CP09195-5E-2E-4E,1056,166,84,84,3444,
224,5,28,,,TOLLOCAN F05/4/TRAP#1/BOW//PFAU/3/MILAN,CP09195-5E-2E-7E,978,149,78,78,3191,
225,5,29,,s,TOLLOCAN F05/4/TRAP#1/BOW//PFAU/3/MILAN,CP09195-5E-6E-3E,1097,156,88,87,3578,
226,5,30,,,Itapúa 45/Itapúa 40//ALSEN,CP09227-3E-6E-1E,1033,172,82,82,3369,
227,5,31,,,Itapúa 45/Itapúa 40//ALSEN,CP09227-3E-6E-6E,760,154,61,61,2479,
228,5,32,,1,Itapúa 45/Itapúa 40//ALSEN,CP09227-6E-7E-2E,1248,172,99,100,4070,x
229,5,33,,1,Itapúa 45/Itapúa 40//ALSEN,CP09227-6E-7E-3E,1279,190,102,102,4171,x
230,5,34,,,CANINDE 21,,1255,170,100,,4093,
231,5,35,,1,Itapúa 45/Itapúa 40//ALSEN,CP09227-6E-7E-4E,1283,187,102,113,4184,x
232,5,36,,1,Itapúa 45/Itapúa 40//ALSEN,CP09227-6E-7E-10E,1317,180,105,116,4295,x
233,5,37,,,CRONOX/CANINDE 1,CP09258-1E-4E-6E,822,185,65,72,2681,
234,5,38,,,CRONOX/CANINDE 1,CP09258-1E-5E-3E,1103,192,88,97,3597,
235,5,39,,1,INIA DON ALBERTO/CANINDE 1,CP09291-6E-4E-9E,1196,158,95,105,3901,x
236,5,40,,,GOV/AZ//MUS/3/DODO/4/BOW/5/CBRD/6/Itapúa 75,CP09303-2E-1E-2E,834,172,82,73,2720,
237,5,41,,,GOV/AZ//MUS/3/DODO/4/BOW/5/CBRD/6/Itapúa 75,CP09303-2E-1E-3E,828,181,82,73,2700,
238,5,42,,,GOV/AZ//MUS/3/DODO/4/BOW/5/CBRD/6/Itapúa 75,CP09303-2E-1E-6E,833,170,82,73,2717,
239,5,43,,,GOV/AZ//MUS/3/DODO/4/BOW/5/CBRD/6/Itapúa 75,CP09303-2E-3E-4E,1068,181,105,94,3483,
240,5,44,,,CD 150,,1015,163,100,,3311,
241,5,45,,,GOV/AZ//MUS/3/DODO/4/BOW/5/CBRD/6/Itapúa 70,CP09304-1E-2E-1E,988,155,97,92,3223,
242,5,46,,s,GOV/AZ//MUS/3/DODO/4/BOW/5/CBRD/6/Itapúa 70,CP09304-1E-2E-3E,934,167,92,87,3046,
243,5,47,,s,GOV/AZ//MUS/3/DODO/4/BOW/5/CBRD/6/Itapúa 70,CP09304-1E-2E-5E,1015,170,100,95,3310,
244,5,48,,,GOV/AZ//MUS/3/DODO/4/BOW/5/CBRD/6/Itapúa 70,CP09304-1E-2E-8E,776,154,76,72,2531,
245,5,49,,,GOV/AZ//MUS/3/DODO/4/BOW/5/CBRD/6/Itapúa 70,CP09304-1E-2E-9E,1017,167,100,95,3317,
246,6,49,,,GOV/AZ//MUS/3/DODO/4/BOW/5/CBRD/6/Itapúa 70,CP09304-1E-2E-10E,991,154,88,92,3233,
247,6,48,,,GEN/PRL//CBRD/3/CD 104,CP09310-2E-1E-2E,654,151,58,61,2134,
248,6,47,,,NOGAL/CANINDE 3,CP09382-3E-2E-9E,926,181,82,86,3020,
249,6,46,,,NOGAL/CANINDE 3,CP09382-3E-3E-3E,1030,167,91,96,3360,
250,6,45,,,DON ALBERTO,,1128,162,100,,3679,
251,6,44,,,NOGAL/CANINDE 3,CP09382-3E-3E-4E,850,159,75,72,2773,
252,6,43,,s,NOGAL/CANINDE 3,CP09382-3E-3E-5E,1124,187,100,95,3665,
253,6,42,,,NOGAL/CANINDE 3,CP09382-3E-3E-8E,958,186,85,81,3124,
254,6,41,1,2,NOGAL/CANINDE 3,CP09382-3E-3E-11E,1239,157,110,104,4042,x
255,6,40,1,2,NOGAL/CANINDE 3,CP09382-3E-4E-1E,1138,148,101,96,3713,x
256,6,39,1,2,NOGAL/CANINDE 3,CP09382-3E-4E-2E,1184,161,95,100,3862,x
257,6,38,1,2,NOGAL/CANINDE 3,CP09382-3E-4E-4E,1214,137,98,102,3961,x
258,6,37,1,2,NOGAL/CANINDE 3,CP09382-3E-4E-5E,1260,172,101,106,4109,x
259,6,36,1,2,NOGAL/CANINDE 3,CP09382-3E-4E-6E,1163,152,93,98,3794,x
260,6,35,,,ITAPUA 75,,1245,140,100,,4062,
261,6,34,1,,NOGAL/CANINDE 3,CP09382-5E-2E-1E,1250,157,100,102,4078,x
262,6,33,1,2,NOGAL/CANINDE 3,CP09382-5E-2E-2E,1282,169,103,104,4181,x
263,6,32,1,2,NOGAL/CANINDE 3,CP09382-5E-2E-3E,1208,163,97,98,3940,x
264,6,31,1,2,NOGAL/CANINDE 3,CP09382-5E-2E-4E,1411,167,113,115,4602,x
265,6,30,,1,NOGAL/CANINDE 3,CP09382-6E-3E-1E,1272,169,102,104,4149,x
266,6,29,,1,NOGAL/CANINDE 3,CP09382-8E-5E-4E,1180,165,97,96,3849,x
267,6,28,,,NOGAL/CANINDE 3,CP09382-9E-6E-8E,1098,151,91,89,3582,
268,6,27,,1,NOGAL/CANINDE 3,CP09382-10E-4E-3E,1237,159,102,101,4035,x
269,6,26,1,1,NOGAL/CANINDE 3,CP09382-10E-4E-4E,1052,162,87,86,3431,x
270,6,25,,,ITAPUA 85,,1212,156,100,,3954,
271,6,24,,1,NOGAL/CANINDE 3,CP09382-10E-9E-1E,1301,150,107,99,4244,x
272,6,23,,,NOGAL/KASORO3,CP09384-3E-5E-1E,1028,173,85,79,3353,
273,6,22,,s,NOGAL/KASORO3,CP09384-3E-5E-5E,1079,166,89,82,3519,
274,6,21,,,NOGAL/KASORO3,CP09384-4E-2E-3E,1072,168,88,82,3496,
275,6,20,,,NOGAL/KASORO3,CP09384-4E-2E-5E,1045,167,86,80,3408,
276,6,19,,,NOGAL/KASORO3,CP09384-4E-2E-6E,916,163,65,70,2988,
277,6,18,,s,NOGAL/KASORO3,CP09384-4E-2E-12E,1020,169,73,78,3327,
278,6,17,,s,NOGAL/ALSEN,CP09385-2E-2E-1E,946,157,67,72,3086,
279,6,16,,1,NOGAL/ALSEN,CP09385-2E-2E-2E,975,158,69,75,3180,
280,6,15,,,CANINDE 21,,1405,169,100,,4583,
281,6,14,,1,NOGAL/ALSEN,CP09385-3E-4E-5E,1147,156,82,90,3742,x
282,6,13,,1,NOGAL/ALSEN,CP09385-3E-4E-6E,1404,158,100,111,4580,x
283,6,12,,1,NOGAL/ALSEN,CP09385-2E-3E-5E,1443,167,103,114,4707,x
284,6,11,,2,NOGAL/ALSEN,CP09385-2E-4E-3E,1303,221,93,103,4247,x
285,6,10,,2,NOGAL/ALSEN,CP09385-2E-4E-5E,1357,244,96,107,4422,x
286,6,9,,2,NOGAL/ALSEN,CP09385-2E-4E-6E,1357,174,120,107,4426,x
287,6,8,,1,NOGAL/ALSEN,CP09385-2E-4E-11E,1258,230,111,99,4100,x
288,6,7,,1,NOGAL/ALSEN,CP09385-2E-4E-12E,1240,226,109,98,4042,x
289,6,6,,1,NOGAL/ALSEN,CP09385-2E-7E-3E,1256,189,111,99,4096,x
290,6,5,,,CD 150,,1136,216,100,,3703,
291,6,4,,1,NOGAL/ALSEN,CP09385-2E-7E-4E,1227,198,108,104,4001,x
292,6,3,,1,NOGAL/ALSEN,CP09385-2E-7E-5E,1228,231,108,104,4002,x
293,6,2,,,NOGAL/ALSEN,CP09385-2E-7E-6E,1308,198,115,111,4265,x
294,6,1,,,NOGAL/ALSEN,CP09385-2E-7E-7E,996,154,88,84,3249,
295,7,1,,2,NOGAL/ALSEN,CP09385-3E-1E-2E,1461,179,129,124,4765,x
296,7,2,,1,NOGAL/ALSEN,CP09385-3E-1E-3E,1312,154,107,111,4280,x
297,7,3,,2,NOGAL/ALSEN,CP09385-3E-1E-4E,1419,181,115,120,4628,x
298,7,4,,2,NOGAL/ALSEN,CP09385-3E-1E-5E,1504,179,122,127,4905,x
299,7,5,,2,NOGAL/ALSEN,CP09385-3E-1E-6E,1414,179,115,120,4611,x
300,7,6,,,DON ALBERTO,,1230,198,100,,4010,
301,7,7,,1,NOGAL/ALSEN,CP09385-3E-1E-8E,1265,197,103,104,4125,x
302,7,8,,1,NOGAL/ALSEN,CP09385-3E-1E-10E,1365,166,111,112,4452,x
303,7,9,,2,NOGAL/ALSEN,CP09385-3E-1E-11E,1547,202,126,127,5044,x
304,7,10,,1,NOGAL/ALSEN,CP09385-4E-1E-1E,1512,163,123,124,4932,x
305,7,11,seg,1,NOGAL/ALSEN,CP09385-4E-2E-1E,1412,19,115,116,4613,x
306,7,12,,1,NOGAL/ALSEN,CP09385-4E-2E-3E,1462,177,121,120,4768,x
307,7,13,,2,NOGAL/ALSEN,CP09385-4E-2E-4E,1543,156,127,126,5033,x
308,7,14,,1,NOGAL/ALSEN,CP09385-5E-1E-3E,1287,143,106,105,4199,x
309,7,15,,1,NOGAL/CD 104,CP09386-8E-5E-2E,1209,152,100,99,3944,x
310,7,16,,,ITAPUA 75,,1211,151,100,,3951,
311,7,17,,1,NOGAL/CD 104,CP09386-8E-5E-4E,1281,160,106,101,4179,x
312,7,18,,1,NOGAL/CD 104,CP09386-8E-5E-5E,1285,152,106,101,4192,x
313,7,19,,,NOGAL/CD 117,CP09392-1E-7E-4E,1286,160,106,101,4195,x
314,7,20,,,NOGAL/CD 117,CP09392-1E-7E-9E,1192,146,98,94,3889,x
315,7,21,,,NOGAL/CD 117,CP09392-2E-5E-1E,1204,149,99,95,3928,x
316,7,22,,,NOGAL/CD 117,CP09392-2E-5E-2E,1012,157,76,80,3301,
317,7,23,,,NOGAL/CD 117,CP09392-2E-7E-2E,1154,162,87,91,3764,x
318,7,24,,,NOGAL/CD 117,CP09392-2E-7E-3E,1084,142,81,85,3537,x
319,7,25,,,NOGAL/CD 117,CP09392-2E-7E-6E,1178,152,89,93,3843,x
320,7,26,,,ITAPUA 85,,1331,160,100,,4342,
321,7,27,,s,NOGAL/CD 117,CP09392-3E-4E-1E,1162,133,87,90,3792,x
322,7,28,,,NOGAL/CD 117,CP09392-3E-4E-2E,1218,151,92,94,3973,x
323,7,29,,s,NOGAL/CD 117,CP09392-3E-4E-3E,1303,154,98,101,4251,x
324,7,30,,s,NOGAL/CD 117,CP09392-3E-4E-4E,1278,154,96,99,4169,x
325,7,31,,s,NOGAL/CD 117,CP09392-3E-4E-5E,1341,167,101,104,4374,x
326,7,32,,1,NOGAL/CD 117,CP09392-3E-4E-10E,1279,152,103,99,4172,x
327,7,33,,,NOGAL/CD 117,CP09392-4E-2E-2E,1235,162,99,96,4028,x
328,7,34,,,NOGAL/CD 117,CP09392-9E-3E-8E,935,168,75,73,3050,
329,7,35,,1,NOGAL/CD 117,CP09392-10E-4E-2E,1376,174,110,107,4488,x
330,7,36,,,CANINDE 21,,1247,152,100,,4068,
331,7,37,,1,NOGAL/CD 117,CP09392-10E-4E-4E,1440,167,115,134,4697,x
332,7,38,,1,NOGAL/CD 117,CP09392-10E-4E-6E,1479,174,119,138,4824,x
333,7,39,,1,NOGAL/4/TRAP#1/BOW//PFAU/3/MILAN,CP09394-1E-1E-6E,1283,172,103,119,4184,x
334,7,40,,1,PFAU/MILAN/3/BABAX/LR42//BABAX/4/Itapúa 70,CP09434-1E-3E-2E,1205,170,97,112,3930,x
335,7,41,,1,S09/CD 114,CP09454-2E-1E-1E,1230,154,99,115,4012,x
336,7,42,,,S09/CD 114,CP09454-2E-1E-2E,987,175,110,92,3219,
337,7,43,,,S09/CD 114,CP09454-2E-1E-4E,1079,183,120,100,3519,x
338,7,44,,,S09/CD 114,CP09454-2E-1E-5E,1123,171,125,105,3663,x
339,7,45,,1,S09/CD 114,CP09454-2E-3E-2E,1071,168,119,100,3493,
340,7,46,,,CD 150,,901,159,100,,2939,
341,7,47,,,S09/CD 114,CP09454-2E-3E-3E,1031,163,114,110,3363,
342,7,48,,1,S09/CD 114,CP09454-2E-3E-5E,1037,161,115,111,3383,
343,7,49,,,S09/CD 114,CP09454-2E-4E-2E,1062,171,118,114,3464,
344,8,49,,,S09/CD 114,CP09454-2E-4E-3E,855,153,95,91,2789,
345,8,48,,,ITAPUA 40      /PEWIT1,CP08001-7E-4E-3E,897,141,100,96,2927,
346,8,47,,,ITAPUA 40      /PEWIT1,CP08001-8E-5E-3E,938,173,97,100,3059,
347,8,46,,,ITAPUA 40      /PEWIT1,CP08001-10E-7E-8E,884,137,91,95,2884,
348,8,45,,,ITAPUA 40      /PEWIT1,CP08001-10E-7E-9E,853,181,88,91,2782,
349,8,44,,,ITAPUA 40      /PEWIT1,CP08001-10E-7E-10E,947,143,98,101,3090,
350,8,43,,,DON ALBERTO,,968,155,100,,3158,
351,8,42,,,ITAPUA 75/PEWIT1,CP08084-2E-1E-1E,960,154,99,94,3132,
352,8,41,,,ITAPUA 75/PEWIT1,CP08084-3E-1E-2E,1117,145,115,109,3644,x
353,8,40,,1,ITAPUA 75/PEWIT1,CP08084-3E-1E-3E,1166,162,120,114,3803,x
354,8,39,,1,ITAPUA 75/PEWIT1,CP08084-3E-1E-4E,1194,144,123,116,3895,x
355,8,38,,1,WEEBILL2//KIRITATI/2*WBLL1,CP08132-22E-1E-2E,1191,169,123,116,3885,x
356,8,37,,1,WBLL4//BABAX.1B.1B*2/PRL/3/PASTOR/4/ITAPUA 40      ,CP08187-8E-6E-2E,1001,159,92,98,3265,x
357,8,36,,1,BABAX/LR42//BABAX/3/BABAX/LR42//BABAX/4/ITAPUA 70,CP08212-12E-6E-2E,1129,171,104,110,3682,x
358,8,35,,1,BABAX/LR42//BABAX/3/BABAX/LR42//BABAX/4/CANINDE 1,CP08214-1E-4E-3E,1062,156,98,103,3464,
359,8,34,,1,BABAX/LR42//BABAX/3/BABAX/LR42//BABAX/4/CANINDE 1,CP08214-1E-4E-4E,972,160,90,95,3171,
360,8,33,,1,ITAPUA 75,,1085,162,100,,3539,
361,8,32,,1,BABAX/LR42//BABAX/3/BABAX/LR42//BABAX/4/CANINDE 1,CP08214-1E-4E-6E,1065,169,98,98,3474,
362,8,31,,1,BABAX/LR42//BABAX/3/BABAX/LR42//BABAX/4/CANINDE 1,CP08214-1E-4E-8E,1001,156,92,92,3265,
363,8,30,,1,BABAX/LR42//BABAX/3/BABAX/LR42//BABAX/4/PARAGUA CIAT,CP08216-7E-3E-3E,1124,178,104,104,3666,x
364,8,29,,1,BABAX/LR42//BABAX/3/BABAX/LR42//BABAX/4/FUNDACEP 30,CP08221-4E-1E-3E,1088,154,100,100,3549,x
365,8,28,,1,BABAX/LR42//BABAX/3/BABAX/LR42//BABAX/4/FUNDACEP 30,CP08221-4E-1E-7E,1101,167,101,102,3591,x
366,8,27,,,BRS GUAMIRIN/ITAPUA 65,CP08244-5E-7E-1E,996,150,92,92,3249,
367,8,26,,,BRS GUAMIRIN/ITAPUA 65,CP08244-6E-1E-1E,973,188,90,90,3173,
368,8,25,,,BRS GUAMIRIN/ITAPUA 65,CP08244-6E-1E-4E,947,176,87,87,3088,
369,8,24,,,BRS GUAMIRIN/ITAPUA 65,CP08244-6E-1E-7E,786,179,73,73,2563,
370,8,23,,,ITAPUA 85,,1082,150,100,,3530,
371,8,22,,1,BRS GUAMIRIN/CATBIRD                                 ,CP08245-4E-3E-3E,992,205,92,88,3234,
372,8,21,,s,BRS GUAMIRIN/CATBIRD                                 ,CP08245-4E-3E-7E,1059,191,98,94,3453,
373,8,20,,s,BRS GUAMIRIN/CATBIRD                                 ,CP08245-4E-7E-3E,981,160,91,87,3200,
374,8,19,,,BRS GUAMIRIN/CANINDE 3,CP08246-3E-3E-2E,1044,172,96,93,3405,
375,8,18,,1,BRS GUAMIRIN/CANINDE 3,CP08246-3E-7E-1E,1064,159,98,95,3471,
376,8,17,,1,BRS GUAMIRIN/CANINDE 3,CP08246-3E-7E-2E,1150,182,99,102,3750,x
377,8,16,,,BRS GUAMIRIN/CANINDE 3,CP08246-5E-3E-4E,891,165,77,79,2906,
378,8,15,,,BRS GUAMIRIN/CANINDE 3,CP08246-6E-7E-2E,994,185,86,89,3241,
379,8,14,,,BRS GUAMIRIN/CANINDE 3,CP08246-6E-7E-4E,977,184,84,87,3186,
380,8,13,,,CANINDE 21,,1162,192,100,,3789,
381,8,12,,,BRS GUAMIRIN/CANINDE 3,CP08246-6E-7E-8E,973,148,84,89,3174,
382,8,11,,s,BRS GUAMIRIN/CANINDE 1,CP08248-2E-3E-1E,913,201,79,83,2977,
383,8,10,,,BRS GUAMIRIN/CANINDE 1,CP08248-4E-1E-1E,1006,181,87,92,3281,
384,8,9,,s,BRS GUAMIRIN/CANINDE 1,CP08248-4E-1E-2E,1067,192,92,97,3479,
385,8,8,,,BRS GUAMIRIN/CANINDE 1,CP08248-4E-1E-4E,994,195,86,90,3241,
386,8,7,,,KRONSTAD F04/ITAPUA 65,CP08252-3E-8E-3E,1160,182,112,106,3783,x
387,8,6,,1,KRONSTAD F04/ITAPUA 65,CP08252-3E-8E-5E,1024,186,99,93,3339,
388,8,5,,1,KRONSTAD F04/ITAPUA 65,CP08252-4E-2E-2E,1074,175,104,98,3503,x
389,8,4,,,KRONSTAD F04/ITAPUA 65,CP08252-4E-2E-6E,1102,253,106,100,3591,x
390,8,3,,,CD 150,,1036,180,100,,3379,
391,8,2,,,KRONSTAD F04/ITAPUA 65,CP08252-4E-3E-2E,1040,177,100,88,3392,
392,8,1,,1,KRONSTAD F04/ITAPUA 65,CP08252-4E-3E-6E,1042,170,101,88,3399,
393,9,1,,,KRONSTAD F04/ITAPUA 65,CP08252-4E-3E-8E,1127,183,109,95,3675,
394,9,2,,,KRONSTAD F04/ITAPUA 65,CP08252-4E-5E-9E,1111,171,107,94,3624,
395,9,3,,,KRONSTAD F04/ITAPUA 65,CP08252-4E-5E-13E,1157,215,112,98,3772,x
396,9,4,,s,KRONSTAD F04/ITAPUA 65,CP08252-4E-5E-14E,1187,145,89,100,3873,x
397,9,5,,,KRONSTAD F04/ITAPUA 65,CP08252-4E-5E-17E,1066,168,80,90,3477,
398,9,6,,s,KRONSTAD F04/ITAPUA 65,CP08252-5E-1E-1E,1211,166,91,102,3950,x
399,9,7,,,KRONSTAD F04/ITAPUA 65,CP08252-5E-1E-4E,1085,190,81,92,3538,
400,9,8,,,DON ALBERTO,,1333,180,100,,4347,2868-4347
401,9,9,,,KRONSTAD F04/ITAPUA 65,CP08252-5E-1E-5E,1171,203,88,97,3818,x
402,9,10,,,KRONSTAD F04/ITAPUA 65,CP08252-9E-2E-6E,1329,223,100,110,4332,x
403,9,11,,,KRONSTAD F04/ITAPUA 65,CP08252-9E-2E-7E,1143,186,86,94,3727,
404,9,12,,,KRONSTAD F04/ITAPUA 65,CP08252-9E-5E-3E,1235,165,93,102,4028,x
405,9,13,,,KRONSTAD F04/ITAPUA 65,CP08252-10E-2E-9E,1128,165,85,93,3679,
406,9,14,,,KRONSTAD F04/CATBIRD                                 ,CP08253-1E-1E-4E,1146,179,105,95,3737,
407,9,15,,1,KRONSTAD F04/CATBIRD                                 ,CP08253-4E-2E-4E,1056,182,97,87,3444,x
408,9,16,,1,KRONSTAD F04/CATBIRD                                 ,CP08253-4E-2E-8E,999,171,92,82,3258,
409,9,17,,,KRONSTAD F04/CATBIRD                                 ,CP08253-4E-8E-5E,1084,178,99,89,3535,
410,9,18,,,ITAPUA 75,,1090,169,100,,3555,
411,9,19,,s,KRONSTAD F04/ITAPUA 70,CP08255-2E-1E-2E,1065,158,98,96,3474,
412,9,20,,s,KRONSTAD F04/ITAPUA 70,CP08255-2E-1E-3E,1057,173,97,95,3447,
413,9,21,,,TOLLOCAN F05/5/BABAX/LR42//BABAX*2/4/SIN/TRAP1/3KAUZ*2/TRAP/KAUZ,CP08269-1E-1E-2E,1149,158,105,104,3748,x
414,9,22,,,ND643/2*WBILL1//CANINDE 1,CP08278-6E-2E-1E,1049,138,96,95,3423,
415,9,23,,,ND643/2*WBILL1//ITAPUA 75,CP08289-10E-2E-1E,1096,125,101,99,3577,
416,9,24,,1,ND643/2*WBILL1//ITAPUA 75,CP08289-10E-2E-3E,1142,156,102,103,3725,x
417,9,25,,,ND643/2*WBILL1//ITAPUA 75,CP08289-10E-2E-4E,989,135,88,89,3227,
418,9,26,,,ND643/2*WBILL1//ITAPUA 40      ,CP08298-4E-3E-4E,890,173,79,80,2903,
419,9,27,,s,ND643/2*WBILL1//ITAPUA 40      ,CP08298-5E-2E-13E,1081,167,96,98,3526,
420,9,28,,,ITAPUA 85,,1125,147,100,,3670,
421,9,29,,,ND643/2*WBILL1//ITAPUA 40      ,CP08298-5E-2E-14E,998,152,89,92,3256,
422,9,30,,,ND643/2*WBILL1//ITAPUA 40      ,CP08298-5E-4E-10E,1006,148,89,92,3282,
423,9,31,,,ND643/2*WBILL1//ITAPUA 40      ,CP08298-5E-4E-11E,1041,150,93,96,3396,
424,9,32,,s,ND643/2*WBILL1//BR 18,CP08306-1E-1E-1E,1140,152,101,105,3719,x
425,9,33,,,ND643/2*WBILL1//BR 18,CP08306-1E-1E-2E,1103,152,98,101,3598,x
426,9,34,,,ND643/2*WBILL1//BR 18,CP08306-5E-5E-2E,1106,161,105,102,3608,x
427,9,35,,,ND643/2*WBILL1//PF 953048/IAPAR 18,CP08311-2E-7E-1E,999,160,95,92,3259,
428,9,36,,,ND643/4/2*SERI.1B*2/3/KAUZ*2/BOW//KAUZ/5/BRS GUAMIRIN,CP08348-3E-2E-1E,1106,113,105,102,3610,x
429,9,37,,,KIRITATI/2*WBLL1//ITAPUA 40      ,CP08349-4E-3E-5E,1034,148,98,95,3373,
430,9,38,,,CANINDE 21,,1052,151,100,,3432,
431,9,39,,s,KIRITATI/2*WBLL1//ITAPUA 40      ,CP08349-4E-3E-6E,1040,148,99,106,3393,
432,9,40,,,KIRITATI/2*WBLL1//ITAPUA 65,CP08351-3E-8E-5E,920,149,87,94,3001,
433,9,41,,,KIRITATI/2*WBLL1//Cord 3,CP08353-2E-1E-3E,879,152,84,90,2867,
434,9,42,,,SAAR//PBW343*2/KUKUNA/3/EMBRAPA 120,CP08382-2E-8E-5E,914,154,87,93,2982,
435,9,43,,,SAAR/3/PFAU/SERI.1B//AMAD/4/BR 18,CP08393-2E-1E-15E,1026,198,97,105,3345,
436,9,44,,s,SAAR/3/PFAU/SERI.1B//AMAD/4/BR 18,CP08393-4E-9E-4E,1015,151,112,104,3311,
437,9,45,,,SAAR/3/PFAU/SERI.1B//AMAD/4/BR 18,CP08393-4E-9E-7E,836,167,92,85,2727,
438,9,46,,,SAAR/3/PFAU/SERI.1B//AMAD/4/BR 18,CP08393-6E-4E-3E,952,142,105,97,3106,
439,9,47,,s,SAAR/3/PFAU/SERI.1B//AMAD/4/IPR 85,CP08394-4E-4E-2E,953,164,105,97,3108,
440,9,48,,,CD 150,,904,136,100,,2950,
441,9,49,,,SAAR/3/PFAU/SERI.1B//AMAD/4/IPR 85,CP08394-4E-6E-5E,832,172,92,79,2714,
442,10,49,,,SAAR/3/PFAU/SERI.1B//AMAD/4/IPR 85,CP08394-8E-3E-3E,1079,159,119,103,3520,x
443,10,48,,s,SAAR/3/PFAU/SERI.1B//AMAD/4/CD104,CP08395-9E-1E-1E,923,14,102,88,3016,
444,10,47,,s,SAAR/3/PFAU/SERI.1B//AMAD/4/CD104,CP08395-9E-1E-2E,901,165,100,86,2939,
445,10,46,,s,SAAR/3/PFAU/SERI.1B//AMAD/4/CD104,CP08395-9E-5E-5E,1053,152,116,100,3435,
446,10,45,,s,SAAR/3/PFAU/SERI.1B//AMAD/4/CD104,CP08395-9E-7E-4E,926,174,78,88,3020,
447,10,44,,1,SAAR/3/PFAU/SERI.1B//AMAD/4/CD104,CP08395-9E-7E-5E,973,134,82,93,3175,x
448,10,43,,,SAAR/3/PFAU/SERI.1B//AMAD/4/CD104,CP08395-9E-7E-11E,1167,188,98,111,3805,x
449,10,42,,s,BRBT1*2/KIRITATI/3/SRMA/TUI//BABAX,CP08445-1E-4E-8E,852,153,71,81,2779,
450,10,41,,,DON ALBERTO,,1194,151,100,,3895,
451,10,40,,1,BRBT1*2/KIRITATI/3/SRMA/TUI//BABAX,CP08445-1E-4E-13E,1014,147,85,87,3308,x
452,10,39,,1,BRBT1*2/KIRITATI/3/SRMA/TUI//BABAX,CP08445-2E-1E-1E,918,153,77,78,2995,
453,10,38,,,NOGAL/KASORO3,CP09384-6Y-7E-7E,945,148,79,81,3083,
454,10,37,,,NOGAL/KASORO3,CP09384-6Y-7E-9E,944,151,79,81,3080,
455,10,36,,s,NOGAL/KASORO3,CP09384-9Y-1E-3E,1052,149,88,90,3432,
456,10,35,,,NOGAL/KASORO3,CP09384-9Y-4E-12E,1017,152,89,87,3318,
457,10,34,,2,NOGAL/KASORO3,CP09384-13Y-2E-11E,1375,153,120,117,4486,x
458,10,33,,1,NOGAL/ALSEN,CP09385-4Y-1E-1E,1188,149,104,101,3876,x
459,10,32,,1,NOGAL/ALSEN,CP09385-4Y-1E-2E,1100,155,96,94,3588,
460,10,31,,,ITAPUA 75,,1147,153,100,,3742,
461,10,30,,,NOGAL/ALSEN,CP09385-9Y-2E-3E,1222,156,107,101,3986,x
462,10,29,,,NOGAL/ALSEN,CP09385-9Y-5E-3E,1154,154,101,95,3765,x
463,10,28,,s,NOGAL/CD 104,CP09386-4Y-8E-5E,1152,163,100,95,3758,x
464,10,27,,,NOGAL/CD 104,CP09386-8Y-2E-6E,1080,161,94,89,3523,x
465,10,26,,,NOGAL/CD 104,CP09386-11Y-5E-4E,1133,157,99,93,3696,x
466,10,25,,,NOGAL/CD 117,CP09392-1Y-6E-1E,932,155,73,77,3040,
467,10,24,,,NOGAL/CD 117,CP09392-1Y-6E-2E,1057,154,83,87,3448,
468,10,23,,,NOGAL/CD 117,CP09392-1Y-9E-2E,824,178,65,68,2687,
469,10,22,,s,NOGAL/CD 117,CP09392-8Y-1E-5E,1006,154,79,83,3282,
470,10,21,,,ITAPUA 85,,1277,159,100,,4166,
471,10,20,,2,NOGAL/CD 117,CP09392-8Y-5E-3E,1278,152,100,98,4169,x
472,10,19,,1,NOGAL/CD 117,CP09392-8Y-5E-7E,1147,156,90,88,3742,x
473,10,18,2,2,NOGAL/CD 117,CP09392-8Y-5E-8E,1236,163,97,95,4032,x
474,10,17,,,NOGAL/CD 117,CP09392-8Y-5E-9E,1222,154,96,94,3986,x
475,10,16,,,NOGAL/CD 117,CP09392-8Y-5E-10E,1320,160,103,101,4306,x
476,10,15,,,NOGAL/CD 117,CP09392-8Y-6E-1E,1340,160,101,103,4371,x
477,10,14,,,NOGAL/CD 117,CP09392-8Y-6E-2E,1297,156,97,99,4231,x
478,10,13,,1,NOGAL/4/TRAP#1/BOW//PFAU/3/MILAN,CP09394-1Y-4E-1E,1306,161,98,100,4260,x
479,10,12,,1,NOGAL/4/TRAP#1/BOW//PFAU/3/MILAN,CP09394-2Y-4E-5E,1099,158,83,84,3585,
480,10,11,,,CANINDE 21,,1331,156,100,,4342,3343-4342
481,10,10,,1,NOGAL/4/TRAP#1/BOW//PFAU/3/MILAN,CP09394-4Y-4E-2E,1284,172,96,104,4188,x
482,10,9,,1,NOGAL/Itapúa 75,CP09396-5Y-5E-6E,987,157,74,80,3220,
483,10,8,,2,NOGAL/Itapúa 75,CP09396-5Y-5E-8E,1062,163,80,86,3464,
484,10,7,,,NOGAL/Itapúa 75,CP09396-5Y-6E-4E,1084,151,81,88,3536,x
485,10,6,,,NOGAL/Itapúa 75,CP09396-5Y-6E-6E,1102,162,83,89,3595,x
486,10,5,,1,NOGAL/Itapúa 75,CP09396-5Y-6E-10E,1240,158,109,101,4045,x
487,10,4,,1,NOGAL/Itapúa 75,CP09396-5Y-6E-11E,1207,161,107,98,3937,x
488,10,3,1,1,NOGAL/Itapúa 75,CP09396-5Y-6E-12E,1191,147,105,97,3886,x
489,10,2,,1,NOGAL/Itapúa 75,CP09396-8Y-3E-1E,1464,184,129,119,4774,x
490,10,1,,,CD 150,,1133,156,100,,3696,
491,11,1,,,NOGAL/Itapúa 75,CP09396-9Y-9E-3E,1292,161,114,110,4214,x
492,11,2,,s,NOGAL/Itapúa 75,CP09396-10Y-1E-1E,1303,159,115,111,4250,x
493,11,3,,1,NOGAL/Itapúa 75,CP09396-10Y-3E-2E,1393,169,123,118,4543,x
494,11,4,,1,NOGAL/Itapúa 75,CP09396-10Y-5E-1E,1395,166,123,118,4550,x
495,11,5,,1,NOGAL/Itapúa 75,CP09396-10Y-5E-3E,1385,169,122,118,4517,x
496,11,6,1,2,Itapúa 45/Itapúa 40//ALSEN,CP09227-5Y-5E-2E,1438,153,118,122,4691,x
497,11,7,1,2,Itapúa 45/Itapúa 40//ALSEN,CP09227-5Y-6E-13E,1546,171,127,131,5042,x
498,11,8,,,Itapúa 45/Itapúa 40//ALSEN,CP09227-8Y-5E-2E,1213,168,99,103,3956,x
499,11,9,,,Itapúa 45/Itapúa 40//ALSEN,CP09227-8Y-5E-3E,1212,166,99,103,3953,x
500,11,10,,,DON ALBERTO,,1222,163,100,,3986,
501,11,11,,s,Itapúa 45/Itapúa 40//ALSEN,CP09227-8Y-5E-5E,1236,162,101,109,4032,x
502,11,12,,1,Itapúa 45/Itapúa 40//ALSEN,CP09227-11Y-1E-13E,1117,164,91,99,3643,x
503,11,13,,s,Itapúa 45/Itapúa 40//ALSEN,CP09227-12Y-1E-1E,1092,153,89,96,3562,x
504,11,14,,1,Itapúa 45/Itapúa 40//ALSEN,CP09227-12Y-7E-4E,1175,164,96,104,3833,x
505,11,15,,s,Itapúa 45/Itapúa 40//ALSEN,CP09227-13Y-2E-10E,1166,175,95,103,3803,x
506,11,16,,s,Itapúa 45/Itapúa 40//ALSEN,CP09227-13Y-2E-11E,1114,162,107,98,3634,
507,11,17,,s,Itapúa 45/Itapúa 40//ALSEN,CP09227-13Y-5E-10E,1194,154,114,105,3895,x
508,11,18,,,Itapúa 45/Itapúa 40//ALSEN,CP09227-14Y-1E-8E,1318,157,126,116,4299,x
509,11,19,,,Itapúa 45/Itapúa 40//ALSEN,CP09227-14Y-5E-1E,1184,164,113,105,3862,x
510,11,20,,,ITAPUA 75,,1043,144,100,,3403,
511,11,21,,,ONIX//MILAN/AMSEL,CP08261-18E-0E-4E-9E,1003,151,96,90,3272,
512,11,22,1,s,ONIX//MILAN/AMSEL,CP08261-18E-0E-5E-1E,1044,143,100,94,3406,
513,11,23,,s,ONIX//MILAN/AMSEL,CP08261-18E-0E-5E-2E,997,147,96,89,3253,
514,11,24,,s,ONIX//MILAN/AMSEL,CP08261-18E-0E-5E-3E,991,156,95,89,3233,
515,11,25,,,ONIX//MILAN/AMSEL,CP08261-18E-0E-5E-4E,1025,159,98,92,3344,
516,11,26,,1,ONIX//MILAN/AMSEL,CP08261-18E-0E-5E-6E,1067,154,90,96,3481,x
517,11,27,,1,ONIX//MILAN/AMSEL,CP08261-18E-0E-5E-7E,1031,162,87,92,3363,x
518,11,28,,,ITAPUA 65/CD 150,CP 10025-4E-16E,811,148,68,73,2646,
519,11,29,,1,Itapúa 75/CD 108,CP 10040-4E-1E,1113,154,94,100,3631,x
520,11,30,,,ITAPUA 85,,1186,146,100,,3869,
521,11,31,,1,Itapúa 75/CD 108,CP 10040-4E-4E,995,147,84,88,3246,
522,11,32,,1,Itapúa 75/CD 108,CP 10040-4E-6E,1029,145,87,91,3357,
523,11,33,,,CANINDE 12/CD 116,CP 10081-10E-5E,1133,151,96,101,3696,x
524,11,34,1,1,CANINDE 12/3/PRINIA/BERKUT//PFAU/MILAN,CP 10086-2E-2E,1183,155,100,105,3859,x
525,11,35,,1,CANINDE 12/3/PRINIA/BERKUT//PFAU/MILAN,CP 10086-2E-4E,1317,153,111,117,4296,x
526,11,36,,1,CANINDE 12/3/PRINIA/BERKUT//PFAU/MILAN,CP 10086-2E-11E,1054,150,99,94,3438,
527,11,37,,1,CANINDE 12/3/PRINIA/BERKUT//PFAU/MILAN,CP 10086-2E-14E,1226,146,115,109,4000,x
528,11,38,,1,CANINDE 12/3/PRINIA/BERKUT//PFAU/MILAN,CP 10086-2E-15E,1135,149,106,101,3703,x
529,11,39,,1,CANINDE 12/3/PRINIA/BERKUT//PFAU/MILAN,CP 10086-10E-9E,1214,152,114,108,3960,x
530,11,40,,,CANINDE 21,,1066,154,100,,3477,
531,11,41,,s,CANINDE 12/3/PRINIA/BERKUT//PFAU/MILAN,CP 10086-12E-2E,1302,161,122,124,4247,x
532,11,42,,1,BRS 229/ITAPUA 40      ,CP 10124-3E-4E,1162,147,109,111,3791,x
533,11,43,,,BABAX 42/S09,CP 10137-7E-5E,1181,146,111,113,3853,x
534,11,44,,2,TNMU/CHAPIO//CD 116,CP 10140-2E-4E,1133,151,106,108,3696,x
535,11,45,,2,TNMU/CHAPIO//CD 116,CP 10140-2E-5E,1176,188,110,112,3835,x
536,11,46,,,TNMU/CHAPIO//CD 104,CP 10141-7E-5E,1147,153,111,109,3742,x
537,11,47,,,TNMU/CHAPIO//ITAPUA 40/KURUKU,CP 10145-10E-4E,1100,157,107,105,3588,x
538,11,48,,s,TNMU/CHAPIO//ITAPUA 40/KURUKU,CP 10145-10E-6E,1004,139,97,96,3276,
539,11,49,,,TNMU/CHAPIO//ITAPUA 40/IAN 10,CP 10146-16E-2E,948,136,92,90,3093,
540,12,49,,,CD 150,,1030,147,100,,3360,
541,12,48,,,TNMU/CHAPIO//ITAPUA 40/IAN 10,CP 10146-16E-12E,983,148,95,88,3207,
542,12,47,,,ITAPUA 40/KURUKU//CD 118,CP 10149-10E-9E,1096,137,106,98,3576,
543,12,46,,,ITAPUA 40/KURUKU//CD 118,CP 10149-10E-10E,927,139,90,83,3025,
544,12,45,,,ITAPUA 40/KURUKU//E CARDENAL/TNMU,CP 10154-11E-1E,1013,141,98,91,3305,
545,12,44,,,WAXWING//PFAU/WEAVER/3/BRS 208,CP 10188-2E-9E,1010,136,98,90,3295,
546,12,43,,s,ITAPUA 45/CORDILLERA 4//CD 108,CP 10193-16E-11E,1161,139,96,104,3788,x
547,12,42,,s,ITAPUA 45/CORDILLERA 4//CD 108,CP 10193-18E-3E,1215,166,101,109,3963,x
548,12,41,,1,ITAPUA 45/CORDILLERA 4//CD 108,CP 10193-18E-4E,1226,161,102,110,3999,x
549,12,40,,,ITAPUA 45/CORDILLERA 4//ITAPUA 40/KURUKU,CP 10197-16E-1E,1010,164,84,90,3294,
550,12,39,,,DON ALBERTO,,1205,156,100,,3931,
551,12,38,,,ITAPUA 45/CORDILLERA 4//CANINDE 1,CP 10210-1E-2E,1057,147,88,94,3448,
552,12,37,,,ITAPUA 45/CORDILLERA 4//CANINDE 1,CP 10210-12E-4E,907,154,75,80,2959,
553,12,36,,,ITAPUA 45/CORDILLERA 4//CANINDE 1,CP 10210-12E-6E,1013,161,84,90,3304,
554,12,35,,,ITAPUA 45/CORDILLERA 4//CANINDE 1,CP 10210-23E-10E,960,159,80,85,3131,
555,12,34,,,ITAPUA 45/CORDILLERA 4//Itapúa 75,CP 10211-19E-3E,823,149,68,73,2685,
556,12,33,,,ITAPUA 45/CORDILLERA 4//Itapúa 75,CP 10211-19E-5E,1016,157,97,90,3314,
557,12,32,,,ITAPUA 45/CORDILLERA 4//Itapúa 75,CP 10211-19E-6E,885,165,84,78,2887,
558,12,31,,1,ITAPUA 45/CORDILLERA 4//Itapúa 75,CP 10211-19E-8E,1120,173,107,99,3653,x
559,12,30,,,ITAPUA 45/CORDILLERA 4//ITAPUA 70,CP 10212-1E-1E,963,153,92,85,3141,
560,12,29,,,ITAPUA 75,,1050,150,100,,3425,
561,12,28,,,ITAPUA 45/CORDILLERA 4//ITAPUA 70,CP 10212-8E-2E,1086,173,103,93,3542,
562,12,27,,,ITAPUA 45/CORDILLERA 4//ITAPUA 70,CP 10212-8E-10E,1006,143,96,87,3282,
563,12,26,,,ITAPUA 45/CORDILLERA 4//ITAPUA 70,CP 10212-18E-2E,1066,147,102,92,3478,
564,12,25,,,SOROCA/4/PRL/VEE#6//CLMS/3/ITAPUA 60,CP 10230-13E-2E,978,149,93,84,3191,
565,12,24,,,SOROCA/3/PRINIA/BERKUT//PFAU/MILAN,CP 10233-9E-1E,809,155,77,70,2639,
566,12,23,,,SOROCA/3/PRINIA/BERKUT//PFAU/MILAN,CP 10233-9E-2E,928,157,73,80,3027,
567,12,22,,,SOROCA/4/GOMAM/GRU90-205266//PASTOR/OPATA/3/BABAX/KS93U76//BABAX,CP 10234-9E-3E,1074,137,84,92,3504,
568,12,21,,1,SOROCA/4/GOMAM/GRU90-205266//PASTOR/OPATA/3/BABAX/KS93U76//BABAX,CP 10234-9E-4E,1097,173,86,94,3578,
569,12,20,,,IAN 10/ITAPUA 65//SAUSAL CIAT,CP 10237-8E-2E,860,151,67,74,2806,
570,12,19,1,,ITAPUA 85,,1276,153,100,,4163,
571,12,18,,1,IAN 10/ITAPUA 65//SAUSAL CIAT,CP 10237-8E-6E,1145,160,90,96,3735,
572,12,17,,,IAN 10/ITAPUA 65//CD 150,CP 10240-4E-8E,982,162,77,83,3203,
573,12,16,,1,INIA DON ALBERTO/Itapúa 75,CP 10290-1E-6E,1048,152,82,88,3419,
574,12,15,1,1,INIA DON ALBERTO/Itapúa 75,CP 10290-1E-7E,1100,160,86,93,3588,
575,12,14,,1,INIA DON ALBERTO/Itapúa 75,CP 10290-1E-13E,1087,169,85,91,3545,
576,12,13,,s,INIA DON ALBERTO/Itapúa 75,CP 10290-3E-6E,1084,172,99,91,3535,
577,12,12,,,INIA DON ALBERTO/Itapúa 75,CP 10290-3E-12E,1022,179,93,86,3333,
578,12,11,,,INIA DON ALBERTO/Itapúa 75,CP 10290-9E-6E,1040,162,95,88,3392,
579,12,10,,1,ICAB/LE2242//CANINDE 1,CP 10293-4E-1E,1167,168,106,98,3806,x
580,12,9,,,CANINDE 21,,1100,186,100,,3587,
581,12,8,,s,E 97034/ORL 99220//Itapúa 75,CP 10300-5E-1E,961,168,87,90,3134,
582,12,7,,,E 97034/ORL 99220//Itapúa 75,CP 10302-4E-4E,911,183,83,85,2971,
583,12,6,,,Itapúa 70//ITAPUA 40/IAN 10/3/CD 150,CP 10312-3E-1E-2E,941,182,86,88,3069,
584,12,5,,,Itapúa 70//ITAPUA 40/IAN 10/3/CD 150,CP 10312-3E-6E-13E,1017,193,92,95,3316,
585,12,4,,1,RDWG/MILAN/3/WHU1/VEE#5//CBRD/4/CD 117/5/ND643/2*WBLL1,CP 10323-2E-1E-7E,1386,180,126,129,4520,x
586,12,3,,s,RDWG/MILAN/3/WHU1/VEE#5//CBRD/4/CD 117/5/ND643/2*WBLL1,CP 10323-2E-1E-11E,1092,166,104,102,3562,x
587,12,2,,s,RDWG/MILAN/3/WHU1/VEE#5//CBRD/4/CD 117/5/ND643/2*WBLL1,CP 10323-2E-1E-12E,1124,186,108,105,3665,x
588,12,1,,,PRL/VEE#6//CLMS/3/ALCOVER/4/CD 104/5/ITAPUA 40/KURUKU,CP 10326-3E-1E-8E,1148,166,110,107,3744,x
589,13,1,,1,PRL/VEE#6//CLMS/3/ALCOVER/4/CD 104/5/ITAPUA 40/KURUKU,CP 10326-4E-6E-7E,983,152,94,92,3207,
590,13,2,,,CD 150,,1045,162,100,,3409,
591,13,3,,,BRS LAURO/CANINDE 1//CD 150,CP 10329-5E-3E-10E,1148,170,110,107,3744,x
592,13,4,,,BRS LAURO/CANINDE 1//CD 150,CP 10329-5E-5E-8E,975,154,93,91,3181,
593,13,5,,,BRS LAURO/CANINDE 1//CD 150,CP 10329-5E-5E-9E,949,152,91,89,3096,
594,13,6,,,BRS LAURO/PEWIT 1//CD 104,CP 10330-7E-3E-1E,1096,149,105,102,3576,x
595,13,7,,,BRS LAURO/PEWIT 1//CD 104,CP 10330-7E-3E-6E,1095,159,105,102,3572,x
596,13,8,,,BRS LAURO/PEWIT 1//CD 104,CP 10330-7E-3E-8E,1031,154,94,96,3363,
597,13,9,,s,BRS LAURO/PEWIT 1//CD 104,CP 10330-7E-5E-7E,1038,153,95,97,3386,
598,13,10,,s,BRS LAURO/PEWIT 1//CD 104,CP 10330-7E-5E-8E,1017,151,93,95,3318,
599,13,11,,s,NOGAL/CANINDE 3//CD 150,CP 10333-3E-8E-1E,1162,156,106,108,3791,x
600,13,12,,,DON ALBERTO,,1098,144,100,,3582,
601,13,13,1,s,NOGAL/CANINDE 3//CD 150,CP 10333-3E-8E-2E,1236,144,113,114,4032,x
602,13,14,1,s,NOGAL/CANINDE 3//CD 150,CP 10333-3E-8E-3E,1347,150,123,124,4394,x
603,13,15,,,NOGAL/CANINDE 3//CD 150,CP 10333-3E-8E-4E,1253,161,114,115,4087,x
604,13,16,,,NOGAL/CANINDE 3//CD 150,CP 10333-3E-8E-6E,1302,141,119,120,4248,x
605,13,17,,,NOGAL/CANINDE 3//CD 150,CP 10333-4E-1E-4E,1331,151,121,123,4342,x
606,13,18,,1,NOGAL/CANINDE 3//CD 150,CP 10333-4E-1E-5E,1284,147,120,118,4189,x
607,13,19,,,NOGAL/CANINDE 3//CD 150,CP 10333-4E-1E-6E,1427,143,133,131,4656,x
608,13,20,,,NOGAL/CANINDE 3//CD 150,CP 10333-4E-1E-9E,1159,139,108,107,3781,x
609,13,21,,,NOGAL/CANINDE 3//CD 150,CP 10333-4E-1E-10E,1329,156,124,122,4335,x
610,13,22,,,ITAPUA 75,,1074,144,100,,3504,
611,13,23,,,NOGAL/CANINDE 3//CD 150,CP 10333-4E-4E-3E,1308,155,122,112,4267,x
612,13,24,,s,NOGAL/CANINDE 3//CD 150,CP 10333-4E-4E-7E,1236,155,115,105,4032,x
613,13,25,,,NOGAL/CANINDE 3//CD 150,CP 10333-4E-6E-3E,1172,145,109,100,3824,x
614,13,26,,,NOGAL/CANINDE 3//CD 150,CP 10333-4E-6E-4E,1106,140,103,94,3609,
615,13,27,,s,NOGAL/CANINDE 3//CD 150,CP 10333-4E-6E-8E,1230,153,115,105,4012,x
616,13,28,,s,NOGAL/CANINDE 3//CD 150,CP 10333-4E-6E-12E,1224,165,96,104,3992,x
617,13,29,,,NOGAL/CANINDE 3//CD 150,CP 10333-4E-7E-8E,1354,146,107,116,4417,x
618,13,30,,1,NOGAL/KASORO3//CANINDE 1,CP 10335-2E-3E-3E,1227,149,97,105,4003,x
619,13,31,,1,NOGAL/KASORO3//CANINDE 1,CP 10335-2E-3E-6E,1179,151,93,101,3846,x
620,13,32,,,ITAPUA 85,,1269,146,100,,4140,
621,13,33,,s,NOGAL/KASORO3//CANINDE 1,CP 10335-2E-3E-7E,1129,155,89,95,3683,x
622,13,34,,s,NOGAL/KASORO3//CANINDE 1,CP 10335-2E-3E-8E,1012,135,80,85,3302,
623,13,35,,s,NOGAL/KASORO3//CANINDE 1,CP 10335-2E-3E-9E,1183,154,93,99,3859,x
624,13,36,,1,NOGAL/KASORO3//CANINDE 1,CP 10335-2E-6E-1E,1257,157,99,105,4100,x
625,13,37,,1,NOGAL/KASORO3//CANINDE 1,CP 10335-2E-6E-4E,1179,141,93,99,3847,x
626,13,38,,,NOGAL/KASORO3//CANINDE 1,CP 10335-2E-6E-6E,1110,152,99,93,3621,
627,13,39,,2,NOGAL/KASORO3//CANINDE 1,CP 10335-2E-6E-9E,1280,140,114,107,4176,x
628,13,40,,2,NOGAL/KASORO3//CANINDE 1,CP 10335-2E-6E-11E,1336,141,119,112,4359,x
629,13,41,,2,NOGAL/KASORO3//CANINDE 1,CP 10335-2E-6E-12E,1251,143,112,105,4081,x
630,13,42,,,CANINDE 21,,1120,151,100,,3654,
631,13,43,,,NOGAL/KASORO3//CANINDE 1,CP 10335-2E-7E-2E,1245,151,111,116,4062,x
632,13,44,,1,NOGAL/KASORO3//CANINDE 1,CP 10335-2E-9E-2E,1055,149,94,98,3442,x
633,13,45,,,NOGAL/KASORO3//CANINDE 1,CP 10335-2E-9E-5E,1091,137,97,101,3560,x
634,13,46,,,NOGAL/KASORO3//CANINDE 1,CP 10335-2E-11E-7E,1159,163,103,108,3780,x
635,13,47,,,NOGAL/KASORO3//CANINDE 1,CP 10335-2E-11E-8E,1010,138,90,94,3295,
636,13,48,,,NOGAL/KASORO3//CANINDE 1,CP 10335-2E-15E-11E,1069,160,104,99,3487,
637,13,49,,,NOGAL/CD 104//CANINDE 11,CP 10337-3E-1E-7E,1045,153,101,97,3409,
638,14,49,,,NOGAL/CD 104//CANINDE 11,CP 10337-3E-1E-9E,1054,138,102,98,3439,
639,14,48,,,NOGAL/CD 104//CANINDE 11,CP 10337-4E-7E-2E,724,146,70,67,2362,
640,14,47,,,CD 150,,1031,142,100,,3364,
641,14,46,,,NOGAL/CD 104//CANINDE 11,CP 10337-4E-7E-5E,1046,165,101,97,3412,
642,14,45,,,NOGAL/CD 104//CANINDE 11,CP 10337-4E-7E-8E,1001,140,97,93,3266,
643,14,44,,s,NOGAL/CD 104//CANINDE 11,CP 10337-7E-7E-1E,1242,163,120,116,4051,x
644,14,43,,s,NOGAL/CD 104//CANINDE 11,CP 10337-7E-7E-4E,1223,151,119,114,3990,x
645,14,42,,2,NOGAL/CD 104//CANINDE 11,CP 10337-8E-2E-7E,1247,162,121,116,4068,x
646,14,41,,1,NOGAL/CD 104//CANINDE 11,CP 10337-8E-2E-11E,1217,131,109,113,3971,x
647,14,40,,,CANINDE 11 ,CP -12E,980,139,88,91,3197,
648,14,39,,1,NOGAL//ITAPUA 55/E-92225/3/IAPAR 85,CP 10338-5E-7E-4E,1127,130,101,105,3677,x
649,14,38,,1,NOGAL/Itapúa 70//CANINDE 1,CP 10339-1E-1E-6E,1154,148,103,108,3765,x
650,14,37,,,DON ALBERTO,,1115,136,100,,3638,
651,14,36,,1,NOGAL/Itapúa 70//CANINDE 1,CP 10339-1E-2E-4E,1054,128,95,90,3439,
652,14,35,,1,NOGAL/Itapúa 70//CANINDE 1,CP 10339-1E-2E-5E,1227,135,110,105,4004,x
653,14,34,,,NOGAL/Itapúa 70//CANINDE 1,CP 10339-1E-3E-2E,1118,123,100,95,3648,
654,14,33,,,NOGAL/Itapúa 70//CANINDE 1,CP 10339-1E-3E-6E,1112,131,100,95,3628,
655,14,32,,s,NOGAL/Itapúa 70//CANINDE 1,CP 10339-5E-2E-3E,1065,122,96,91,3475,
656,14,31,,,NOGAL/Itapúa 70//CANINDE 1,CP 10339-5E-2E-8E,1209,131,98,103,3945,x
657,14,30,,s,NOGAL/Itapúa 70//CANINDE 1,CP 10339-5E-2E-9E,1277,134,104,109,4167,x
658,14,29,,,NOGAL/Itapúa 70//CANINDE 1,CP 10339-5E-4E-11E,1208,134,98,103,3942,x
659,14,28,,,NOGAL/CANINDE 1//CD 150,CP 10340-2E-1E-6E,1204,129,98,103,3929,x
660,14,27,,,ITAPUA 75,,1230,144,100,,4013,
661,14,26,,s,NOGAL/CANINDE 1//CD 150,CP 10340-2E-1E-8E,1197,133,97,91,3906,x
662,14,25,,,NOGAL/CANINDE 1//CD 150,CP 10340-4E-4E-2E,971,149,79,74,3168,
663,14,24,,,NOGAL/CANINDE 1//CD 150,CP 10340-6E-2E-2E,1105,133,90,84,3606,
664,14,23,,s,NOGAL/5/PSN/BOW//SERI/3/MILAN/4/ATTILA/6/CD 108,CP 10341-2E-1E-1E,1230,158,100,93,4012,x
665,14,22,,1,NOGAL/Itapúa 75//CANINDE 1,CP 10342-2E-4E-5E,1323,138,108,101,4317,x
666,14,21,,1,NOGAL/Itapúa 75//CANINDE 1,CP 10342-3E-1E-1E,1226,139,87,93,4000,x
667,14,20,,1,NOGAL/Itapúa 75//CANINDE 1,CP 10342-3E-1E-2E,1159,150,83,88,3781,x
668,14,19,,1,NOGAL/Itapúa 75//CANINDE 1,CP 10342-3E-1E-6E,1287,132,92,98,4199,x
669,14,18,,1,NOGAL/Itapúa 75//CANINDE 1,CP 10342-3E-1E-7E,1225,138,87,93,3997,x
670,14,17,,,ITAPUA 85,,1403,165,100,,4576,
671,14,16,,,NOGAL/Itapúa 75//CANINDE 1,CP 10342-3E-1E-8E,1225,128,87,92,3997,x
672,14,15,,1,NOGAL/Itapúa 75//CANINDE 1,CP 10342-3E-1E-9E,1310,159,93,99,4273,x
673,14,14,,1,NOGAL/Itapúa 75//CANINDE 1,CP 10342-3E-1E-11E,1193,162,85,90,3891,x
674,14,13,,1,NOGAL/Itapúa 75//CANINDE 1,CP 10342-3E-1E-12E,1086,153,77,82,3543,x
675,14,12,,1,NOGAL/Itapúa 75//CANINDE 1,CP 10342-3E-1E-14E,1010,180,72,76,3294,
676,14,11,,1,NOGAL/Itapúa 75//CANINDE 1,CP 10342-3E-1E-16E,1199,166,96,90,3911,x
677,14,10,,1,NOGAL/Itapúa 75//CANINDE 1,CP 10342-3E-2E-2E,1139,164,91,86,3715,x
678,14,9,,1,NOGAL/Itapúa 75//CANINDE 1,CP 10342-3E-2E-4E,1311,162,105,99,4276,x
679,14,8,,1,NOGAL/Itapúa 75//CANINDE 1,CP 10342-3E-4E-5E,1122,166,89,84,3660,x
680,14,7,,,CANINDE 21,,1254,163,100,,4090,
681,14,6,,1,NOGAL/Itapúa 75//CANINDE 1,CP 10342-3E-4E-7E,1202,161,96,106,3921,x
682,14,5,,1,NOGAL/Itapúa 75//CANINDE 1,CP 10342-3E-4E-9E,1102,149,88,97,3595,x
683,14,4,,1,NOGAL/Itapúa 75//CANINDE 1,CP 10342-3E-4E-10E,1077,172,86,95,3513,x
684,14,3,,1,NOGAL/Itapúa 75//CANINDE 1,CP 10342-3E-4E-11E,1012,166,81,89,3301,
685,14,2,,1,NOGAL/Itapúa 75//CANINDE 1,CP 10342-3E-10E-4E,1064,169,85,94,3470,x
686,14,1,,,NOGAL/Itapúa 75//CANINDE 1,CP 10342-3E-11E-11E,1031,164,102,91,3363,
687,15,1,,1,NOGAL/Itapúa 75//CANINDE 1,CP 10342-3E-21E-13E,1223,176,121,108,3989,x
688,15,2,,1,NOGAL/Itapúa 75//CANINDE 1,CP 10342-3E-22E-10E,1014,185,100,89,3307,
689,15,3,,,NOGAL/Itapúa 75//CANINDE 1,CP 10342-3E-25E-1E,1093,172,108,96,3565,
690,15,4,,,CD 150,,1012,154,100,,3301,
691,15,5,,,NOGAL/Itapúa 75//CANINDE 1,CP 10342-3E-25E-2E,1146,169,113,107,3738,x
692,15,6,,,NOGAL/Itapúa 75//CANINDE 1,CP 10342-3E-25E-6E,1198,172,118,112,3907,x
693,15,7,,,NOGAL/Itapúa 75//CANINDE 1,CP 10342-3E-25E-9E,1120,164,111,105,3653,x
694,15,8,,,NOGAL/Itapúa 75//CANINDE 1,CP 10342-3E-28E-11E,1171,171,116,109,3819,x
695,15,9,,,NOGAL/Itapúa 75//CANINDE 1,CP 10342-3E-29E-1E,991,169,98,93,3232,
696,15,10,,s,NOGAL/Itapúa 75//CANINDE 1,CP 10342-3E-29E-12E,1133,174,100,106,3695,x
697,15,11,,s,NOGAL/Itapúa 75//CANINDE 1,CP 10342-3E-29E-14E,1053,154,93,98,3435,
698,15,12,,,NOGAL/Itapúa 75//CANINDE 1,CP 10342-3E-32E-2E,891,161,79,83,2906,
699,15,13,,s,NOGAL/Itapúa 75//CANINDE 1,CP 10342-3E-32E-3E,1110,172,98,104,3620,x
700,15,14,,,DON ALBERTO,,1130,163,100,,3686,
701,15,15,,,NOGAL/Itapúa 75//CANINDE 1,CP 10342-3E-32E-4E,1007,180,89,82,3284,
702,15,16,,,BRBT1*2/KIRITATI//BRS 208,CP08447-3E-16E,1299,174,115,106,4237,x
703,15,17,2,2,NOGAL/ALSEN,CP09385-4Y-8E,1257,166,111,103,4100,x
704,15,18,1,1,NOGAL/ALSEN,CP09385-8Y-3E,1355,153,120,111,4420,x
705,15,19,,,NOGAL/ALSEN,CP09385-15Y-4E,1118,,99,91,3654,x
706,15,20,,,NOGAL/CD 104,CP09386-5Y-9E,766,,58,63,2503,
707,15,21,,,NOGAL/CD 104,CP09386-5Y-10E,514,,39,42,1680,
708,15,22,,,NOGAL/CD 104,CP09386-10Y-6E,1108,172,84,90,3614,x
709,15,23,,,NOGAL/CD 104,CP09386-10Y-7E,1014,,77,83,3314,
710,15,24,,,ITAPUA 75,,1319,175,100,,4302,3224-4302
711,15,25,,,NOGAL/CD 104,CP09386-10Y-10E,953,,72,75,3114,
712,15,26,,,NOGAL/CD 104,CP09386-11Y-1E,869,,66,69,2840,
713,15,27,,,NOGAL/CD 104,CP09386-11Y-2E,931,178,71,73,3036,
714,15,28,,,NOGAL/CD 104,CP09386-11Y-5E,350,,27,28,1144,
715,15,29,,2,Itapúa 45/Itapúa 40//ALSEN,CP09227-5Y-13E,1273,148,97,101,4153,x
716,15,30,,1,Itapúa 45/Itapúa 40//ALSEN,CP09227-14Y-5E,1047,153,86,83,3416,x
717,15,31,,2,Itapúa 45/Itapúa 40//ALSEN,CP09227-14Y-10E,1375,174,113,109,4484,x
718,15,32,,,NOGAL/CD 104,CP09386-8Y-2E,967,23,80,76,3159,
719,15,33,,,Itapua 40//ITAPUA 40/KURUKU,CP12002-2E,1177,156,97,93,3839,x
720,15,34,,,ITAPUA 85,,1214,145,100,,3961,
721,15,35,,,Itapua 40//ITAPUA 40/KURUKU,CP12002-3E,1034,153,85,83,3373,
722,15,36,,,Itapua 40//ITAPUA-50/ITAPUA-40 ,CP12005-6E,1141,148,94,92,3722,x
723,15,37,,,Itapua 40//ITAPUA-50/ITAPUA-40 ,CP12005-7E,1105,140,91,89,3605,
724,15,38,,,"Itapua 40/3/PFAU/WEAVER*2//TRANSFER#12,P88.272.2",CP12006-1E,955,144,79,77,3116,
725,15,39,,s,Itapua 40 /ACA 901,CP12007-3E,1170,136,96,94,3818,x
726,15,40,,1,Itapua 40 /ACA 901,CP12007-4E,1219,147,96,98,3977,x
727,15,41,,,Itapua 40/LE 2333,CP12010-6E,1081,148,85,87,3527,
728,15,42,,,Itapúa 45/4/BABAX/PASTOR/3/KAUZ*2/YACO//KAUZ,CP12016-7E,1092,161,86,88,3562,
729,15,43,,s,ITAPUA 65/4/BABAX/PASTOR/3/KAUZ*2/YACO//KAUZ,CP12027-8E,1163,157,91,93,3794,x
730,15,44,,,CANINDE 21,,1276,161,100,,4162,
731,15,45,,s,ITAPUA 65/4/BABAX/PASTOR/3/KAUZ*2/YACO//KAUZ,CP12027-14E,1165,152,91,103,3800,x
732,15,46,,s,ITAPUA 65//ND643/2*WBLL1,CP12030-6E,1128,151,88,100,3680,x
733,15,47,,,ITAPUA 65/4/PRL/SARA//TSI/VEE#5/3/FINSI,CP12032-10E,1097,159,86,97,3578,
734,15,48,,,"ITAPUA 653/3/PFAU/WEAVER*2//TRANSFER#12,P88.272.2",CP12033-5E,1203,153,94,107,3924,x
735,15,49,,,ITAPUA 65/KLEIN ZORRO,CP12035-5E,1068,142,84,95,3484,
736,16,49,,,ITAPUA 65/KLEIN LEON ,CP12037-10E,982,152,101,87,3204,
737,16,48,,,ITAPUA 70//TNMU/CHAPIO,CP12042-7E,981,163,100,87,3200,
738,16,47,,s,ITAPUA 70//ITAPUA 40/KURUKU,CP12044-5E,988,161,101,88,3223,
739,16,46,,s,ITAPUA 70//ITAPUA-50/ITAPUA-40 ,CP12046-3E,1084,162,111,96,3536,
740,16,45,,,CD 150,,977,155,100,,3187,
741,16,44,,,ITAPUA 70//WBLL1*2/TUKURU,CP12047-6E,972,153,99,98,3171,
742,16,43,,,ITAPUA 70//WBLL1*2/TUKURU,CP12047-13E,937,154,96,94,3057,
743,16,42,,,ITAPUA 70/5/VEE/MJI//2*TUI/3/PASTOR/4/BERKUT,CP12048-1E,1002,161,103,101,3268,
744,16,41,,,ITAPUA 70/5/VEE/MJI//2*TUI/3/PASTOR/4/BERKUT,CP12048-5E,950,152,97,96,3099,
745,16,40,,,ITAPUA 70/5/VEE/MJI//2*TUI/3/PASTOR/4/BERKUT,CP12048-16E,1078,154,110,109,3517,x
746,16,39,,s,ITAPUA 70/5/VEE/MJI//2*TUI/3/PASTOR/4/BERKUT,CP12048-18E,1066,154,106,107,3477,
747,16,38,,s,ITAPUA 70/5/VEE/MJI//2*TUI/3/PASTOR/4/BERKUT,CP12048-20E,1150,156,114,116,3751,x
748,16,37,,,ITAPUA 70/5/VEE/MJI//2*TUI/3/PASTOR/4/BERKUT,CP12048-21E,973,151,96,98,3174,
749,16,36,,s,ITAPUA 70/IPR-144,CP12060-1E,1094,150,108,110,3569,x
750,16,35,,,DON ALBERTO,,1010,151,100,,3295,
751,16,34,,s,ITAPUA 70/IPR-144,CP12060-3E,990,156,98,92,3229,
752,16,33,,,ITAPUA 70/IPR-144,CP12060-6E,1058,155,105,98,3451,
753,16,32,,s,ITAPUA 70/IPR-144,CP12060-7E,981,153,97,91,3200,
754,16,31,,1,Itapúa 75/CD 104,CP12066-6E,1082,153,107,100,3530,x
755,16,30,,1,Itapúa 75//ITAPUA 40/KURUKU,CP12071-3E,1164,140,115,108,3798,x
756,16,29,,,Itapúa 75//ITAPUA 40/KURUKU,CP12071-4E,1092,154,95,101,3562,x
757,16,28,,1,Itapúa 75//ITAPUA 40/KURUKU,CP12071-6E,1068,153,93,99,3484,
758,16,27,,s,Itapúa 75//ITAPUA 40/KURUKU,CP12071-7E,833,147,73,77,2718,
759,16,26,,s,Itapúa 75/3/WBLL4/KASO2//PASTOR,CP12075-10E,1220,145,106,113,3980,x
760,16,25,,,ITAPUA 75,,1148,140,100,,3746,
761,16,24,,,Itapúa 75/4/PRL/SARA//TSI/VEE#5/3/FINSI,CP12078-5E,1096,139,95,99,3576,x
762,16,23,,,Itapúa 75/4/PRL/SARA//TSI/VEE#5/3/FINSI,CP12078-8E,1062,158,92,96,3464,x
763,16,22,,,Itapúa 75/KLEIN LEON ,CP12085-10E,1012,141,88,91,3302,
764,16,21,,,Itapúa 75/KLEIN LEON ,CP12085-13E,1259,145,110,114,4107,x
765,16,20,,,CANINDE 1//WBLL1*2/TUKURU,CP12094-7E,1058,141,92,96,3452,
766,16,19,,,CANINDE 1//\ND643/2*WBLL1,CP12095-1E,1016,143,95,92,3315,
767,16,18,,1,CANINDE 1//\ND643/2*WBLL1,CP12095-9E,1128,146,106,102,3680,x
768,16,17,,,CANINDE 1/4/PRL/SARA//TSI/VEE#5/3/FINSI,CP12096-2E,1037,145,97,94,3383,
769,16,16,,,CANINDE 1/ACA 901,CP12097-6E,1061,144,100,96,3462,
770,16,15,,,ITAPUA 85,,1066,151,100,,3478,
771,16,14,,s,CANINDE 3/CD 104,CP12098-2E,1192,163,112,111,3888,x
772,16,13,,s,CANINDE 3/CD 104,CP12098-5E,1114,145,105,103,3634,x
773,16,12,,s,CANINDE 3/CD 104,CP12098-6E,1056,152,99,98,3445,
774,16,11,,s,CANINDE 3/CD 104,CP12098-7E,948,157,89,88,3092,
775,16,10,,,CANINDE 3/CD 104,CP12098-9E,1056,161,99,98,3445,
776,16,9,,,CANINDE 3/ONIX,CP12100-1E,896,161,82,83,2923,
777,16,8,,s,CANINDE 3//TNMU/CHAPIO,CP12101-4E,932,159,86,87,3040,
778,16,7,,,CANINDE 3/6/CS/TH.SC//3*PVN/3/MIRLO/BUC/4/MILAN/5/TILHI,CP12103-8E,804,156,74,75,2623,
779,16,6,,,CANINDE 3/6/CS/TH.SC//3*PVN/3/MIRLO/BUC/4/MILAN/5/TILHI,CP12103-9E,881,155,81,82,2874,
780,16,5,,,CANINDE 21,,1089,175,100,,3552,
781,16,4,,,CANINDE 3/6/CS/TH.SC//3*PVN/3/MIRLO/BUC/4/MILAN/5/TILHI,CP12103-11E,716,154,66,67,2336,
782,16,3,,,CANINDE 3/4/BABAX/PASTOR/3/KAUZ*2/YACO//KAUZ,CP12104-3E,923,159,85,86,3011,
783,16,2,,,CANINDE 3//ITAPUA-50/ITAPUA-40 ,CP12105-6E,819,170,75,76,2671,
784,16,1,,,CANINDE 3/4/BABAX/LR42//BABAX*2/3/KUKUNA,CP12110-11E,622,163,57,58,2029,
785,17,1,,,"CANINDE 3/3/PFAU/WEAVER*2//TRANSFER#12,P88.272.2",CP12112-4E,1227,177,113,114,4002,x
786,17,2,,s,CANINDE 3//E 92225/FCEP 30,CP12113-2E,1036,181,98,96,3379,
787,17,3,,,CANINDE 3//E 92225/FCEP 30,CP12114-7E,1159,198,109,108,3779,x
788,17,4,,,CANINDE 3/KLEIN RAYO,CP12119-14E,1154,181,109,107,3763,x
789,17,5,,s,CANINDE 3/N002,CP12120-1E,1072,181,101,100,3496,
790,17,6,,,CD 150,,1059,173,100,,3454,
791,17,7,,,CANINDE 3/N002,CP12120-4E,1108,197,105,101,3613,x
792,17,8,,,Caninde 11//WBLL1*2/TUKURU,CP12125-9E,1196,167,113,109,3901,x
793,17,9,,,Caninde 11/5/VEE/MJI//2*TUI/3/PASTOR/4/BERKUT,CP12126-1E,1143,191,108,104,3727,x
794,17,10,,,Caninde 11/N002,CP12132-3E,1032,185,97,94,3365,
795,17,11,,,Caninde 11/N002,CP12132-7E,1176,158,111,107,3836,x
796,17,12,,,Caninde 12/4/BABAX/PASTOR/3/KAUZ*2/YACO//KAUZ,CP12134-4E,843,169,74,77,2750,
797,17,13,,s,Caninde 12/4/BABAX/PASTOR/3/KAUZ*2/YACO//KAUZ,CP12134-7E,1154,180,102,105,3763,x
798,17,14,,,IAN 15//ITAPUA-50/ITAPUA-40 ,CP12153-1E,1039,163,92,95,3389,
799,17,15,,,"IAN 15/3/PFAU/WEAVER*2//TRANSFER#12,P88.272.2",CP12154-9E,1086,176,96,99,3542,x
800,17,16,,,DON ALBERTO,,1134,168,100,,3699,
801,17,17,,,WBLL4//BABAX.1B.1B*2/PRL/3/PASTOR/4/BABAX/LR42//BABAX/3/BABAX/LR42//BABAX,CP12155-2E,1197,166,106,105,3904,x
802,17,18,,s,WBLL4//BABAX.1B.1B*2/PRL/3/PASTOR/4/SOROCA,CP12159-4E,1176,168,104,103,3836,x
803,17,19,,s,WBLL1*2/TUKURU/3/WAXWING//PFAU/WEAVER,CP12165-6E,1042,155,92,91,3399,
804,17,20,,,WBLL1*2/TUKURU//ACA 901,CP12170-3E,1114,144,98,98,3634,x
805,17,21,,1,WBLL1*2/TUKURU//ACA 901,CP12170-6E,1276,170,113,112,4162,x
806,17,22,,,PSN/BOW//SERI/3/MILAN/4/ATTILA/5/BR 18,CP12182-6E,1087,168,94,95,3545,
807,17,23,,1,CD 116/CD 108,CP12193-1E,1282,149,111,112,4182,x
808,17,24,,,CD 116//ITAPUA-50/ITAPUA-40 ,CP12203-9E,1075,177,93,94,3506,x
809,17,25,,,CD 116//ITAPUA-50/ITAPUA-40 ,CP12203-11E,1180,152,103,103,3849,x
810,17,26,,,ITAPUA 75,,1151,147,100,,3755,
811,17,27,,1,CD 116/3/NING MAI 96035/FINSI//HEILO,CP12204-2E,1156,168,100,100,3770,x
812,17,28,,,CD 104/LE 2331 ,CP12223-2E,900,153,78,78,2936,
813,17,29,,,CD 108/ACA 901,CP12235-2E,1125,154,98,97,3670,x
814,17,30,,,CD 150/3/WBLL4/KASO2//PASTOR,CP12245-2E,1152,151,100,100,3758,x
815,17,31,,1,CD 150/ACA 901,CP12248-2E,1069,153,93,93,3487,
816,17,32,,,CD 150/ACA 901,CP12248-4E,1167,155,101,101,3807,x
817,17,33,,s,CHIBIA//PRLII/CM65531/3/SKAUZ/BAV92/4/MUNAL #1,CMSS07Y00066S-0B-099Y-099M-099Y-7M-0WGY,879,150,76,76,2868,
818,17,34,,,ATTILA/3*BCN*2//BAV92/3/HEILO/4/CHIBIA//PRLII/CM65531/3/SKAUZ/BAV92,CMSS07B00695T-099TOPY-099M-099Y-099M-1RGY-0B,1080,149,93,94,3523,
819,17,35,,,WBLL1*2/KKTS//KIRITATI,CMSS07Y00328S-0B-099Y-099M-099NJ-099NJ-3RGY-0B,965,145,83,84,3148,
820,17,36,,,ITAPUA 85,,1157,151,100,,3774,
821,17,37,,,BABAX/LR42//BABAX*2/3/TUKURU*2/4/HEILO,CMSS07B00701T-099TOPY-099M-099Y-0B-5RGY-0B,874,153,76,72,2851,
822,17,38,,,CROC_1/AE.SQUARROSA (224)//OPATA/3/ALTAR 84/AEGILOPS SQUARROSA (TAUS)//OPATA/4/PASTOR/5/SOKOLL,CMSA06Y00112S-040ZTP0Y-040ZTM-040SY-31ZTM-0Y-0B,890,151,77,73,2903,
823,17,39,,,KRICHAUFF/2*PASTOR/4/CROC_1/AE.SQUARROSA (224)//2*OPATA/3/2*RAC655/5/PARUS/PASTOR,CMSA06M00015T-036(CSLV34HET)Y-040ZTM-040ZTY-24ZTM-0Y-0B,975,154,84,80,3181,
824,17,40,,,SKAUZ*2/FCT//VORB,CMSA06M00656S-040ZTM-040ZTY-44ZTM-0Y-0B,940,151,81,77,3067,
825,17,41,,,VORB/4/D67.2/PARANA 66.270//AE.SQUARROSA (320)/3/CUNNINGHAM/5/D67.2/PARANA 66.270//AE.SQUARROSA (320)/3/CUNNINGHAM,CMSA06Y00835T-040ZTM-040ZTP0Y-040ZTM-040P0Y-38ZTM-0Y-0B,826,142,71,68,2695,
826,17,42,,s,ND643//2*PRL/2*PASTOR*2/3/HEILO,CMSS08B00959T-099TOPY-099M-099Y-099B-3RGY,1039,153,81,85,3389,
827,17,43,,,"PFAU/WEAVER*2//TRANSFER#12,P88.272.2*2/4/CHIBIA//PRLII/CM65531/3/SKAUZ/BAV92",CMSS08B00966T-099TOPY-099M-099Y-099B-39RGY,1125,162,88,92,3670,x
828,17,44,,,ND643//2*PRL/2*PASTOR/3/HEILO,CMSS08Y00540S-099Y-099M-099Y-099B-9RGY,783,154,61,64,2554,
829,17,45,,1,WAXWING*2/TUKURU//HEILO,CMSS08Y00564S-099Y-099M-099Y-099B-12RGY,1071,149,84,88,3494,x
830,17,46,,,CANINDE 21,,1276,159,100,,4162,
831,17,47,,1,VILLA JUAREZ F2009/HEILO,CMSS08Y00570S-099Y-099M-099Y-099B-14RGY,1083,157,85,95,3533,x
832,17,48,,,ND643/2*WBLL1//KACHU,CMSS08Y00235S-099Y-099M-099NJ-099NJ-4WGY-0B,852,147,67,75,2780,
833,17,49,,,CHONTE//KIRITATI/2*TRCH,CMSS08Y00316S-099Y-099M-099NJ-17WGY-0B,865,140,68,76,2822,
834,18,49,,1,MUNAL*2/WESTONIA,CMSS08Y00833T-099TOPM-099Y-099M-099NJ-099NJ-11WGY-0B,903,136,71,79,2946,x
835,18,48,,,ROLF07*2/SHORTENED SR26 TRANSLOCATION,CMSS08Y00842T-099TOPM-099Y-099M-099Y-12M-0WGY,1019,150,80,90,3324,
836,18,47,,,BAJ #1/2*CHYAK1,CMSS08Y00911T-099TOPM-099Y-099M-099NJ-099NJ-13WGY-0B,549,154,55,48,1791,
837,18,46,,1,SWSR22T.B./KACHU//2*KACHU,CMSS08Y01088T-099M-099Y-099M-099NJ-5WGY-0B,1082,154,109,95,3530,x
838,18,45,,1,SHORTENED SR26 TRANSLOCATION//3*PBW65/2*PASTOR,CMSS08Y01095T-099M-099Y-099M-099Y-25M-0WGY,1187,152,119,104,3872,x
839,18,44,,,SHORTENED SR26 TRANSLOCATION//2*WBLL1*2/KKTS/3/BECARD,CMSS08Y01115T-099M-099Y-099M-099NJ-14WGY-0B,1127,155,113,99,3676,
840,18,43,,,CD 150,,997,162,100,,3252,
841,18,42,,1,SWSR22T.B./2*BLOUK #1//WBLL1*2/KURUKU,CMSS08Y01116T-099M-099Y-099M-099NJ-099NJ-23WGY-0B,1041,166,104,98,3395,
842,18,41,,1,KRONSTAD F2004//ND643/2*WBLL1/3/WHEAR/KRONSTAD F2004,CMSS08B00607T-099TOPY-099M-099NJ-099NJ-10WGY-0B,1033,156,104,97,3370,
843,18,40,,,KIRITATI//2*PRL/2*PASTOR/3/CHONTE/5/PRL/2*PASTOR/4/CHOIX/STAR/3/HE1/3*CNO79//2*SERI,CMSS08B00732T-099TOPY-099M-099Y-6M-0WGY,816,154,82,77,2662,
844,18,39,,,KIRITATI//HUW234+LR34/PRINIA/3/CHONTE/5/PRL/2*PASTOR/4/CHOIX/STAR/3/HE1/3*CNO79//2*SERI,CMSS08B00736T-099TOPY-099M-099NJ-099NJ-1WGY-0B,787,149,79,74,2567,
845,18,38,,,ND643/2*WBLL1//2*KACHU,CMSS08B00771T-099TOPY-099M-099NJ-099NJ-21WGY-0B,854,150,86,81,2786,
846,18,37,,,PFAU/MILAN/5/CHEN/AEGILOPS SQUARROSA (TAUS)//BCN/3/VEE#7/BOW/4/PASTOR/6/2*BAVIS #1,CMSS08B00792T-099TOPY-099M-099Y-6M-0WGY,832,153,74,78,2714,
847,18,36,,,PAURAQ//ND643/2*WBLL1/3/PAURAQUE #1,CMSS08B00840T-099TOPY-099M-099NJ-099NJ-19WGY-0B,760,151,68,72,2479,
848,18,35,,,FRANCOLIN #1*2//ND643/2*WBLL1,CMSS08B00866T-099TOPY-099M-099NJ-099NJ-7WGY-0B,449,153,40,42,1465,
849,18,34,,,W15.92/4/PASTOR//HXL7573/2*BAU/3/WBLL1/5/MUU,CMSA08Y00572S-050Y-050ZTM-050Y-54BMX-010Y-0B,613,151,55,58,2000,
850,18,33,,,DON ALBERTO,,1123,158,100,,3663,
851,18,32,,2,FRANCOLIN #1/BLOUK #1,CMSS06B00010S-0Y-099ZTM-099NJ-099NJ-9RGY-0B-8BMX-0RGY,1341,153,119,124,4375,x
852,18,31,,1,ND643/2*WBLL1//HEILO,CMSS08Y00542S-099Y-099M-099Y-099B-8RGY-0B,1152,164,103,107,3758,x
853,18,30,,,KACHU*2/3/ND643//2*PRL/2*PASTOR,CMSS08B00712T-099TOPY-099M-099NJ-099NJ-10RGY-0B,1147,154,102,106,3742,x
854,18,29,,,ND643/2*WBLL1/4/CHIBIA//PRLII/CM65531/3/SKAUZ/BAV92/5/BECARD,CMSS08B00776T-099TOPY-099M-099NJ-099NJ-6RGY-0B,999,156,89,93,3259,
855,18,28,,,ND643/2*WBLL1/4/CHIBIA//PRLII/CM65531/3/SKAUZ/BAV92/5/BECARD,CMSS08B00776T-099TOPY-099M-099NJ-099NJ-21RGY-0B,915,153,88,85,2985,
856,18,27,,,ND643/2*WBLL1/3/KIRITATI//2*PRL/2*PASTOR/4/BECARD,CMSS08B00777T-099TOPY-099M-099NJ-099NJ-12RGY-0B,1160,151,112,107,3784,x
857,18,26,,,VOROBEY,CMSS96Y02555S-040Y-020M-050SY-020SY-27M-0Y,1034,143,100,96,3373,
858,18,25,,,MUTUS//ND643/2*WBLL1,CMSS08Y00224S-099Y-099M-099NJ-099NJ-4RGY-0B,913,160,88,85,2978,
859,18,24,,,MUTUS//ND643/2*WBLL1,CMSS08Y00224S-099Y-099M-099NJ-099NJ-16RGY-0B,1069,161,103,99,3487,
860,18,23,,,ITAPUA 75,,1036,157,100,,3379,
861,18,22,,1,MUTUS//ND643/2*WBLL1,CMSS08Y00224S-099Y-099M-099NJ-099NJ-19RGY-0B,905,146,87,83,2953,
862,18,21,,1,ND643/2*WBLL1//KACHU,CMSS08Y00235S-099Y-099M-099NJ-3RGY-0B,1066,148,103,97,3478,
863,18,20,,,ND643/2*WBLL1//KACHU,CMSS08Y00235S-099Y-099M-099NJ-099NJ-3RGY-0B,886,149,86,81,2890,
864,18,19,,,CHIBIA//PRLII/CM65531/3/FISCAL*2/4/TAM200/TURACO,CMSS08Y00850T-099TOPM-099Y-099M-099NJ-28RGY-0B,796,154,77,73,2597,
865,18,18,,,CHIBIA//PRLII/CM65531/3/FISCAL*2/4/TAM200/TURACO,CMSS08Y00850T-099TOPM-099Y-099M-099NJ-099NJ-1RGY-0B,920,153,89,84,3001,
866,18,17,,,BABAX/LR42//BABAX*2/4/SNI/TRAP#1/3/KAUZ*2/TRAP//KAUZ/5/WHEAR/SOKOLL,CMSS08B00259S-099M-099NJ-17RGY-0B,877,150,76,80,2861,
867,18,16,,,BABAX/LR42//BABAX*2/4/SNI/TRAP#1/3/KAUZ*2/TRAP//KAUZ/5/WHEAR/SOKOLL,CMSS08B00259S-099M-099NJ-30RGY-0B,1223,178,106,112,3988,x
868,18,15,,s,"BABAX/LR42//BABAX*2/3/PAVON 7S3, +LR47/4/WBLL1*2/BRAMBLING",CMSS08B00277S-099M-099NJ-099NJ-3RGY-0B,1059,145,92,97,3455,
869,18,14,,,VEE#8//JUP/BJY/3/F3.71/TRM/4/BCN/5/KAUZ/6/MILAN/KAUZ/7/SKAUZ/PARUS//PARUS/8/BABAX/LR42//BABAX*2/4/SNI/TRAP#1/3/KAUZ*2/TRAP//KAUZ,CMSS08B00381S-099M-099Y-1M-0RGY,904,138,78,83,2950,
870,18,13,,,ITAPUA 85,,1156,165,100,,3771,
871,18,12,,,BECARD//ND643/2*WBLL1,CMSS08B00422S-099M-099NJ-5RGY-0B,1088,147,94,89,3550,
872,18,11,,,KRL 19/5/BABAX/LR42//BABAX*2/4/SNI/TRAP#1/3/KAUZ*2/TRAP//KAUZ,CMSS08B00575S-099M-099Y-20M-0RGY,919,153,80,75,2998,
873,18,10,,,BJY/COC//PRL/BOW/3/FRTL/5/BABAX/LR42//BABAX*2/4/SNI/TRAP#1/3/KAUZ*2/TRAP//KAUZ,CMSS08B00594S-099M-099Y-4M-0RGY,917,160,79,75,2991,
874,18,9,,,KACHU*2/3/ND643//2*PRL/2*PASTOR,CMSS08B00712T-099TOPY-099M-099NJ-099NJ-14RGY-0B,987,161,85,81,3219,
875,18,8,,s,KACHU*2/3/ND643//2*PRL/2*PASTOR,CMSS08B00712T-099TOPY-099M-099NJ-099NJ-15RGY-0B,942,144,82,77,3073,
876,18,7,,s,ND643/2*WBLL1/3/KIRITATI//2*PRL/2*PASTOR/4/BECARD,CMSS08B00777T-099TOPY-099M-099NJ-099NJ-5RGY-0B,1060,162,82,87,3458,
877,18,6,,s,ND643/2*WBLL1/3/KIRITATI//2*PRL/2*PASTOR/4/BECARD,CMSS08B00777T-099TOPY-099M-099NJ-099NJ-12RGY-0B,1099,158,85,90,3585,
878,18,5,,s,ND643/2*WBLL1/3/KIRITATI//2*PRL/2*PASTOR/4/BECARD,CMSS08B00777T-099TOPY-099M-099NJ-099NJ-16RGY-0B,1087,162,84,89,3546,
879,18,4,,1,BABAX/LR42//BABAX/3/ER2000/4/NAVJ07,CMSA08M00274S-040ZTM-050Y-14ZTM-010Y-0B,1115,156,87,91,3637,x
880,18,3,,,CANINDE 21,,1287,171,100,,4198,
881,18,2,,,NING MAI 96035/FINSI//HEILO/3/NAVJ07,CMSA08M00445S-040ZTM-050Y-47ZTM-010Y-0B,890,163,69,81,2903,
882,18,1,,,NING MAI 96035/FINSI//HEILO/5/CROC_1/AE.SQUARROSA (205)//BORL95/3/PRL/SARA//TSI/VEE#5/4/FRET2,CMSA08M00446S-040ZTM-050Y-5ZTM-010Y-0B,964,177,75,88,3144,x
883,19,1,,1,CHIRYA.3,CIGM87.116-3Y-2M-1PR-3M-2PR-4B-0PR-1Y-0M,866,144,67,79,2825,x
884,19,2,,,ALTAR 84/AE.SQUARROSA (221)//3*BORL95/3/URES/JUN//KAUZ/4/WBLL1/5/REH/HARE//2*BCN/3/CROC_1/AE.SQUARROSA (213)//PGO/4/HUITES,CMSS06Y00117S-0B-099Y-099ZTM-099Y-099M-7WGY-0B,860,151,67,79,2806,
885,19,3,,1,ATTILA*2/PBW65*2//W485/HD29,CMSS06Y00959T-099TOPM-099Y-099ZTM-099Y-099M-6WGY-0B,1045,147,81,96,3409,x
886,19,4,,,BAV92//IRENA/KAUZ/3/HUITES*2/4/CROC_1/AE.SQUARROSA (224)//KULIN/3/WESTONIA,CMSS06Y00969T-099TOPM-099Y-099ZTM-099Y-099M-5WGY-0B,566,149,63,52,1846,
887,19,5,,,KACHU #1/4/CROC_1/AE.SQUARROSA (205)//KAUZ/3/SASIA/5/KACHU,CMSS06Y01016T-099TOPM-099Y-099ZTM-099Y-0FUS-18WGY-0B,786,144,87,72,2564,
888,19,6,,,KACHU #1/4/CROC_1/AE.SQUARROSA (205)//KAUZ/3/SASIA/5/KACHU,CMSS06Y01016T-099TOPM-099Y-099ZTM-099Y-0FUS-34WGY-0B,921,139,102,84,3005,
889,19,7,,,KAUZ/PASTOR//PBW343/3/HAR311/5/OASIS/SKAUZ//4*BCN/3/PASTOR/4/KAUZ*3/YACO,CMSS06Y00805T-099TOPM-099Y-099ZTM-099NJ-099NJ-2WGY-0B,820,150,91,75,2675,
890,19,8,,,CD 150,,900,153,100,,2936,
891,19,9,,,SAUAL/KIRITATI//SAUAL,CMSS06Y00785T-099TOPM-099Y-099ZTM-099Y-099M-14WGY-0B,651,146,72,73,2124,
892,19,10,,,TUKURU//BAV92/RAYON*2/3/PVN,CMSS06Y00830T-099TOPM-099Y-099ZTM-099Y-099M-28WGY-0B,889,143,99,100,2900,
893,19,11,,,UP2338*2/KKTS*2//YANAC,CMSS06Y00861T-099TOPM-099Y-099ZTM-099NJ-099NJ-37WGY-0B,732,147,81,82,2388,
894,19,12,,,VORB*2/3/PFAU/WEAVER//KIRITATI,CMSA06M00111T-040Y-040ZTM-0NJ-0NJ-11Y-1B-0Y-0B,776,162,86,87,2531,
895,19,13,,1,VORB/3/T.DICOCCON PI94625/AE.SQUARROSA (372)//3*PASTOR,CMSA06M00667S-040ZTM-040ZTY-10ZTM-0Y-0B,894,150,99,101,2916,
896,19,14,,,VORB/SOKOLL,CMSA06M00621S-040ZTM-040ZTY-16ZTM-03Y-0B,238,,27,27,778,
897,19,15,,s,WAXWING*2/HEILO,CMSS06B00915T-099TOPY-099ZTM-099Y-099M-20WGY-0B,862,151,98,97,2812,x
898,19,16,,,1447/PASTOR//KRICHAUFF/5/2*SERI*3//RL6010/4*YR/3/PASTOR/4/BAV92,CMSA07M00022T-032(B=WMC221SR25HET)Y-040ZTM-074(WMC0221SR25HOM+HET)Y-55ZTM-010Y-01B-0Y,790,145,90,89,2577,
899,19,17,,,KA/NAC//TRCH/3/VORB,CMSA07M00443S-040ZTM-040ZTY-47ZTM-010Y-02B-0Y,736,153,84,83,2401,
900,19,18,,,DON ALBERTO,,879,145,100,,2868,
901,19,19,,s,VORB*2/5/CROC_1/AE.SQUARROSA (224)//OPATA/3/RAC655/4/SLVS/PASTOR,CMSA07Y01204T-013( C=CRE1M19 NEG CRE3SPHET)B-040Y-040ZTM-040Y-2ZTM-010Y-0B,932,147,106,95,3041,
902,19,20,,,TOB/ERA//TOB/CNO67/3/PLO/4/VEE#5/5/KAUZ/6/FRET2/7/VORB,CMSA07M00365S-040M-0NJ-0NJ-26Y-0B,625,150,71,64,2039,
903,19,21,,,KACHU/KINDE,CMSS07B00101S-099M-099NJ-099NJ-10WGY-0B,738,149,84,75,2408,
904,19,22,,,KACHU/KINDE,CMSS07B00101S-099M-099NJ-099NJ-12WGY-0B,645,143,73,66,2104,
905,19,23,,,ATTILA*2/PBW65//MURGA,CMSS06Y00162S-0B-099Y-099ZTM-099Y-099M-10WGY-0B,963,147,110,98,3142,
906,19,24,,s,CNO79//PF70354/MUS/3/PASTOR/4/BAV92*2/5/HAR311,CMSS06Y00706T-099TOPM-099Y-099ZTM-099NJ-099NJ-7WGY-0B,800,146,74,81,2610,
907,19,25,,1,WAXBILL,CMSS06B00915T-099TOPY-099ZTM-099Y-099M-4WGY-0B,1149,149,106,117,3748,x
908,19,26,,,STLN/MUNAL #1,CMSS07Y00452S-0B-099Y-099M-099Y-18M-0WGY,1033,147,95,105,3370,
909,19,27,,s,QUAIU #1*2/JUCHI,CMSS07Y01011T-099TOPM-099Y-099M-099NJ-099NJ-3WGY-0B,844,144,78,86,2754,
910,19,28,,,ITAPUA 75,,1087,150,100,,3546,
911,19,29,,,BRBT1*2/KIRITATI//FRNCLN,CMSS07B00044S-099M-099Y-099M-13WGY-0B,908,156,84,55,2962,
912,19,30,,,KAUZ*2/MNV//KAUZ/3/MILAN/4/BAV92/5/DANPHE #1,CMSS07B00098S-099M-099NJ-099NJ-4WGY-0B,752,147,69,46,2453,
913,19,31,,,BAJ #1/FRNCLN,CMSS07B00215S-099M-099NJ-099NJ-10WGY-0B,924,154,85,56,3014,
914,19,32,,,WEAVER/TSC//WEAVER/3/WEAVER/4/2*SERI.1B*2/3/KAUZ*2/BOW//KAUZ/5/WHEAR/VIVITSI//WHEAR,CMSS07B00249S-099M-099NJ-099NJ-3WGY-0B,805,150,74,49,2626,
915,19,33,,,DANPHE #1/3/HUW234+LR34/PRINIA//PFAU/WEAVER,CMSS07B00326S-099M-099Y-099M-12WGY-0B,878,149,81,53,2864,
916,19,34,,1,PBW65/2*PASTOR/3/KIRITATI//ATTILA*2/PASTOR/4/DANPHE #1,CMSS07B00512T-099TOPY-099M-099Y-099M-9WGY-0B,1042,153,96,63,3399,
917,19,35,,0,0,0,0,0,0,0,0,
918,19,36,,0,0,0,0,0,0,0,0,
919,19,37,,0,0,0,0,0,0,0,0,
920,19,38,,0,0,0,0,0,0,0,0,
921,19,39,,0,0,0,0,0,0,0,0,
922,19,40,,0,0,0,0,0,0,0,0,
923,19,41,,0,0,0,0,0,0,0,0,
924,19,42,,0,0,0,0,0,0,0,0,
925,19,43,,0,0,0,0,0,0,0,0,
926,19,44,,0,0,0,0,0,0,0,0,
927,19,45,,0,0,0,0,0,0,0,0,
928,19,46,,0,0,0,0,0,0,0,0,
929,19,47,,0,0,0,0,0,0,0,0,
930,19,48,,0,0,0,0,0,0,0,0,
931,19,49,,0,0,0,0,0,0,0,0,
